Date,Home Team,Home Score,Away Team,Away Score
2024-08-29,Oakville,1,Eureka,0
2024-08-29,Ft. Zumwalt South,5,Helias Catholic,0
2024-08-29,Christian Brothers College,1,Ladue Horton Watkins,2
2024-08-29,DeSoto,3,Union,4
2024-08-30,Fox,2,Affton,3
2024-08-30,St. Pius X (Festus),0,Bishop DuBourg,2
2024-08-30,Springfield Catholic,5,Central (Springfield),1
2024-08-30,Savannah,1,Clinton,0
2024-08-30,Iberia,1,Crocker,9
2024-08-30,Oakville,1,Eureka,0
2024-08-30,Ft. Zumwalt East,2,Francis Howell Central,2
2024-08-30,Webster Groves,2,Ft. Zumwalt South,0
2024-08-30,Valley Park,6,Gateway Science Charter,2
2024-08-30,Aurora,0,Greenwood,8
2024-08-30,Nixa,0,Hickman,1
2024-08-30,Republic,4,Hillcrest,0
2024-08-30,Whitfield,0,John Burroughs,11
2024-08-30,Camdenton,1,Joplin,2
2024-08-30,Southern Boone,2,Kirksville,1
2024-08-30,Parkway West,1,Lafayette (Wildwood),2
2024-08-30,Gateway,4,Maplewood-Richmond Hts.,3
2024-08-30,Sacred Heart,0,Marshall,6
2024-08-30,Priory,1,MICDS,0
2024-08-30,Republic,3,Monett,2
2024-08-30,Hillsboro,0,Northwest (Cedar Hill),6
2024-08-30,St. Dominic,2,Principia,1
2024-08-30,Kickapoo,1,Rock Bridge,4
2024-08-30,Jackson,1,Rockwood Summit,2
2024-08-30,Branson,2,Webb City,3
2024-08-30,New Covenant Academy,1,West Plains,5
2024-08-30,Logan-Rogersville,5,Willard,3
2024-08-31,Vianney,4,Bayless,0
2024-08-31,Harrisonville,3,Belton,4
2024-08-31,Camdenton,0,Carthage,3
2024-08-31,SLUH,2,Chaminade College Prep,1
2024-08-31,Sacred Heart,0,Clinton,3
2024-08-31,Marshfield,1,Fair Grove,2
2024-08-31,Rolla,1,Hannibal,0
2024-08-31,Kickapoo,1,Hickman,4
2024-08-31,Monett,3,Hillcrest,0
2024-08-31,Moberly,2,Jefferson City,0
2024-08-31,Orchard Farm,1,Lindbergh,2
2024-08-31,Westminster Christian Academy,3,Lutheran South,1
2024-08-31,Priory,1,MICDS,0
2024-08-31,Branson,3,Monett,4
2024-08-31,Nixa,1,Rock Bridge,3
2024-08-31,Marshall,2,Savannah,0
2024-08-31,Liberty North,1,Van Horn,2
2024-08-31,Republic,2,Webb City,0
2024-08-31,Farmington,7,Windsor (Imperial),0
2024-09-02,St. Michael the Archangel,4,Center,0
2024-09-02,Pleasant Hill,3,Raytown South,2
2024-09-02,St. Pius X (Kansas City),2,St. Charles,1
2024-09-03,Bishop DuBourg,1,Affton,0
2024-09-03,Lutheran (Kansas City),0,Barstow,8
2024-09-03,Webster Groves,4,Bayless,1
2024-09-03,Iberia,0,Belle,1
2024-09-03,Lafayette (St. Joseph),0,Benton,5
2024-09-03,Park Hill,1,Blue Springs South,1
2024-09-03,Nixa,4,Branson,1
2024-09-03,Green Ridge,2,Calvary Lutheran,1
2024-09-03,Rolla,1,Camdenton,3
2024-09-03,Jefferson City,1,Capital City,5
2024-09-03,Webb City,1,Carl Junction,2
2024-09-03,Blue Springs,2,Central (St. Joseph),0
2024-09-03,Cameron,2,Chillicothe,4
2024-09-03,Boonville,0,Clinton,8
2024-09-03,East (Kansas City),2,Cristo Rey,4
2024-09-03,Brentwood,1,DeSoto,2
2024-09-03,Fredericktown,0,Festus,1
2024-09-03,St. Pius X (Festus),3,Fox,1
2024-09-03,Liberty (Wentzville),0,Francis Howell,4
2024-09-03,Orchard Farm,0,Ft. Zumwalt East,2
2024-09-03,Troy Buchanan,2,Ft. Zumwalt North,4
2024-09-03,Fatima,2,Fulton,1
2024-09-03,Fort Osage,5,Grandview,1
2024-09-03,Paseo Academy,0,Guadalupe Centers Charter,8
2024-09-03,De Smet Jesuit,2,Hickman,1
2024-09-03,Lebanon,2,Hillcrest,3
2024-09-03,Seckman,2,Hillsboro,1
2024-09-03,Mehlville,1,Ladue Horton Watkins,2
2024-09-03,Kirkwood,0,Lafayette (Wildwood),3
2024-09-03,Parkview,0,Logan-Rogersville,8
2024-09-03,SLUH,2,Marquette,3
2024-09-03,Lone Jack,0,Maryville,1
2024-09-03,Marshfield,0,McDonald County,8
2024-09-03,Willard,0,Moberly,7
2024-09-03,St. Charles West,0,North County,1
2024-09-03,Ruskin,0,North Kansas City,8
2024-09-03,Ft. Zumwalt South,2,North Point,1
2024-09-03,Faith Christian Academy,6,Northland Christian,0
2024-09-03,Northwest (Cedar Hill),0,Oakville,1
2024-09-03,Southern Boone,1,Osage,2
2024-09-03,Lincoln College Prep,2,Park Hill,1
2024-09-03,Pattonville,2,Parkway North,1
2024-09-03,Eureka,0,Parkway South,3
2024-09-03,Ritenour,0,Parkway West,4
2024-09-03,Notre Dame (Cape Girardeau),0,Perryville,1
2024-09-03,East (Kansas City),2,Platte County,0
2024-09-03,St. Pius X (Kansas City),3,Pleasant Hill,0
2024-09-03,Lee's Summit West,1,Rockhurst,3
2024-09-03,Christian Brothers College,2,Rockwood Summit,3
2024-09-03,Winnetonka,4,Savannah,1
2024-09-03,Helias Catholic,3,Savannah,2
2024-09-03,Oak Park,0,Smithville,2
2024-09-03,Republic,0,Springfield Catholic,6
2024-09-03,Father Tolton,2,St. Charles,3
2024-09-03,Hazelwood Central,3,Webster Groves,6
2024-09-03,Park Hill South,1,Staley,0
2024-09-03,Washington,5,Webb City,1
2024-09-03,Francis Howell Central,0,Timberland,1
2024-09-03,Windsor (Imperial),1,Union,2
2024-09-03,University City,1,Veritas Christian Academy,6
2024-09-03,St. Dominic,2,Vianney,0
2024-09-03,Missouri Military Academy,5,Warrenton,3
2024-09-03,Carthage,5,Waynesville,0
2024-09-03,Greenwood,1,West Plains,7
2024-09-03,Aurora,0,Willard,9
2024-09-03,Odessa,3,William Chrisman,2
2024-09-03,Winfield,3,Wright City,0
2024-09-04,Central (St. Joseph),7,Benton,1
2024-09-04,Gateway,3,Brentwood,5
2024-09-04,Oak Grove,3,Center,2
2024-09-04,Carl Junction,3,Central (Springfield),0
2024-09-04,Pacific,7,Fredericktown,1
2024-09-04,Liberty North,3,Grain Valley,1
2024-09-04,Raymore-Peculiar,4,Harrisonville,2
2024-09-04,Duchesne,4,Holt,0
2024-09-04,St. Dominic,3,John Burroughs,1
2024-09-04,Cole Camp,0,Knob Noster,8
2024-09-04,Platte County,7,Lincoln College Prep,0
2024-09-04,Sacred Heart,4,Lutheran (Kansas City),0
2024-09-04,MICDS,0,Lutheran South,2
2024-09-04,Fort Osage,4,North Kansas City,3
2024-09-04,East (Kansas City),0,Park Hill,0
2024-09-04,Whitfield,0,Principia,6
2024-09-04,Westminster Christian Academy,2,Priory,1
2024-09-04,Savannah,2,Raytown,0
2024-09-04,St. Charles,5,Raytown South,0
2024-09-04,Ruskin,3,Savannah,1
2024-09-04,Lone Jack,1,Warrensburg,2
2024-09-04,Excelsior Springs,9,Winnetonka,1
2024-09-05,St. Pius X (Festus),1,Affton,4
2024-09-05,Logan-Rogersville,9,Aurora,0
2024-09-05,Sacred Heart,1,Barstow,0
2024-09-05,Crossroads College Preparatory,0,Bayless,11
2024-09-05,Van Horn,3,Belton,0
2024-09-05,Lafayette (St. Joseph),0,Bishop LeBlond,8
2024-09-05,Platte County,0,Blue Springs South,8
2024-09-05,Greenwood,0,Bolivar,5
2024-09-05,West Plains,2,Camdenton,1
2024-09-05,Notre Dame (Cape Girardeau),1,Central (Cape Girardeau),2
2024-09-05,Kearney,1,Central (St. Joseph),2
2024-09-05,Marshall,8,Chillicothe,0
2024-09-05,Marshfield,0,Crocker,3
2024-09-05,Ladue Horton Watkins,4,Eureka,0
2024-09-05,Rock Bridge,6,Father Tolton,0
2024-09-05,Pacific,8,Festus,0
2024-09-05,Bishop DuBourg,3,Fox,1
2024-09-05,Liberty (Wentzville),5,Francis Howell North,0
2024-09-05,Ft. Zumwalt North,3,Ft. Zumwalt East,4
2024-09-05,Washington,1,Ft. Zumwalt South,4
2024-09-05,Republic,0,Glendale,7
2024-09-05,Grain Valley,4,Harrisonville,3
2024-09-05,Hazelwood East,0,Hazelwood Central,7
2024-09-05,Parkview,0,Hillcrest,2
2024-09-05,Windsor (Imperial),0,Hillsboro,2
2024-09-05,St. Charles,2,Holt,1
2024-09-05,McCluer,8,Jennings,0
2024-09-05,Thomas Jefferson Independent Day,1,Joplin,9
2024-09-05,Hannibal,3,Kirksville,1
2024-09-05,Chaminade College Prep,3,Kirkwood,0
2024-09-05,Odessa,8,Knob Noster,0
2024-09-05,Paseo Academy,0,La Monte,8
2024-09-05,Lee's Summit,1,Lee's Summit West,2
2024-09-05,Christian Brothers College,0,Lindbergh,6
2024-09-05,Parkway West,2,Marquette,3
2024-09-05,Warrensburg,1,Maryville,0
2024-09-05,Oakville,1,Mehlville,2
2024-09-05,Fulton,2,Mexico,3
2024-09-05,Missouri Military Academy,3,Moberly,2
2024-09-05,Nixa,5,Monett,3
2024-09-05,DeSoto,5,North County,0
2024-09-05,Helias Catholic,0,Ozark,2
2024-09-05,Pattonville,0,Parkway South,1
2024-09-05,Perryville,0,Poplar Bluff,1
2024-09-05,Liberty North,3,Raymore-Peculiar,0
2024-09-05,Parkway North,1,Ritenour,2
2024-09-05,Lafayette (Wildwood),1,Rockwood Summit,0
2024-09-05,Osage,0,Springfield Catholic,2
2024-09-05,Warrenton,3,St. Charles West,0
2024-09-05,Vianney,8,Webster Groves,0
2024-09-05,Summit Christian Academy,3,St. Paul Lutheran (Concordia),0
2024-09-05,St. Michael the Archangel,1,St. Pius X (Kansas City),0
2024-09-05,Oak Park,1,Staley,8
2024-09-05,North Point,2,Timberland,3
2024-09-05,Francis Howell Central,4,Troy Buchanan,0
2024-09-05,STEAM Academy,2,University City,6
2024-09-05,Veritas Christian Academy,2,Valley Park,4
2024-09-05,McDonald County,0,Webb City,1
2024-09-05,Clayton,0,Webster Groves,3
2024-09-05,Fair Grove,0,Willard,8
2024-09-05,Orchard Farm,5,Winfield,1
2024-09-06,Marshfield,0,Carl Junction,6
2024-09-06,St. Francis Borgia,4,Central (Cape Girardeau),1
2024-09-06,Fort Osage,1,Excelsior Springs,2
2024-09-06,Francis Howell,4,Ft. Zumwalt West,3
2024-09-06,Poplar Bluff,0,Jackson,3
2024-09-06,Central (Springfield),0,Jefferson City,1
2024-09-06,University City,1,Maplewood-Richmond Hts.,2
2024-09-06,Willard,4,New Covenant Academy,1
2024-09-06,Parkway West,0,Northeast (Kansas City),2
2024-09-06,Capital City,2,Ozark,1
2024-09-06,Ritenour,2,Sikeston,6
2024-09-06,Carl Junction,5,Southern Boone,1
2024-09-06,Marshfield,0,Southern Boone,7
2024-09-06,Pembroke Hill,3,Springfield Catholic,1
2024-09-06,West Plains,5,Webb City,0
2024-09-06,Lebanon,1,Webb City,0
2024-09-06,Glendale,3,Vianney,3
2024-09-06,Lebanon,1,West Plains,2
2024-09-07,Parkway South,2,Blue Springs,3
2024-09-07,Parkway West,2,Blue Springs,3
2024-09-07,West Plains,1,Carl Junction,6
2024-09-07,Raytown South,0,Center,5
2024-09-07,Christian Brothers College,2,Chaminade College Prep,1
2024-09-07,Northwest (Cedar Hill),1,Farmington,0
2024-09-07,Willard,7,Greenwood,0
2024-09-07,Ft. Zumwalt South,2,Hickman,1
2024-09-07,St. Francis Borgia,0,Jackson,4
2024-09-07,Priory,0,John Burroughs,3
2024-09-07,Pembroke Hill,5,Kickapoo,0
2024-09-07,Timberland,2,Ladue Horton Watkins,1
2024-09-07,Lutheran (Kansas City),0,Lone Jack,7
2024-09-07,Principia,1,Lutheran South,0
2024-09-07,Webb City,1,Marshfield,0
2024-09-07,Barstow,4,Maryville,0
2024-09-07,Whitfield,1,MICDS,2
2024-09-07,Central (Springfield),4,Moberly,2
2024-09-07,St. Charles,5,Oak Grove,0
2024-09-07,Guadalupe Centers Charter,1,Parkway West,9
2024-09-07,Notre Dame (Cape Girardeau),0,Perryville,1
2024-09-07,Central (Cape Girardeau),1,Poplar Bluff,0
2024-09-07,De Smet Jesuit,4,Rolla,0
2024-09-07,Glendale,0,SLUH,1
2024-09-07,Lebanon,0,Southern Boone,2
2024-09-07,Westminster Christian Academy,0,St. Dominic,5
2024-09-07,Sacred Heart,2,Warrensburg,1
2024-09-07,Rockwood Summit,1,Webster Groves,3
2024-09-07,Union,1,Winfield,0
2024-09-09,Ruskin,2,Belton,10
2024-09-09,Sikeston,1,Bishop DuBourg,4
2024-09-09,Republic,1,Camdenton,0
2024-09-09,Pleasant Hill,7,Cameron,2
2024-09-09,Willard,4,Cassville,2
2024-09-09,Staley,3,Central (St. Joseph),1
2024-09-09,Marquette,0,Clayton,3
2024-09-09,Orchard Farm,3,Duchesne,1
2024-09-09,New Covenant Academy,1,Fair Grove,2
2024-09-09,Ritenour,1,Ft. Zumwalt North,3
2024-09-09,Van Horn,2,Grain Valley,0
2024-09-09,Logan-Rogersville,4,Greenwood,1
2024-09-09,Cardinal Ritter,0,Hancock,6
2024-09-09,Ft. Zumwalt South,1,Hannibal,2
2024-09-09,St. Charles,2,Holt,1
2024-09-09,MICDS,8,Lutheran North,0
2024-09-09,St. Pius X (Kansas City),3,North Kansas City,2
2024-09-09,Lone Jack,4,Oak Grove,2
2024-09-09,Webb City,0,Osage,3
2024-09-09,Platte County,0,Park Hill,6
2024-09-09,Northwest (Cedar Hill),1,Parkway Central,4
2024-09-09,Parkway South,4,Parkway North,0
2024-09-09,Grandview,7,Raytown South,2
2024-09-09,Fox,0,Seckman,1
2024-09-09,Moberly,1,Southern Boone,3
2024-09-09,Rockwood Summit,3,St. Francis Borgia,1
2024-09-09,SLUH,8,Webster Groves,0
2024-09-09,Raytown,2,St. Charles,4
2024-09-09,Fort Osage,1,William Chrisman,0
2024-09-09,Pacific,4,Winfield,1
2024-09-09,Gateway Science Charter,3,Wright City,1
2024-09-10,Valley Park,4,Bayless,3
2024-09-10,Fulton,3,Boonville,0
2024-09-10,Ozark,4,Branson,0
2024-09-10,Maplewood-Richmond Hts.,0,Brentwood,1
2024-09-10,Lone Jack,4,Cameron,0
2024-09-10,Moberly,8,Canton,0
2024-09-10,Farmington,4,Central (Cape Girardeau),0
2024-09-10,Eureka,2,Chaminade College Prep,0
2024-09-10,Timberland,0,Christian Brothers College,4
2024-09-10,Green Ridge,0,Clinton,8
2024-09-10,Jackson,0,De Smet Jesuit,3
2024-09-10,Sacred Heart,1,Father Tolton,4
2024-09-10,Crocker,2,Fatima,1
2024-09-10,Affton,2,Fox,1
2024-09-10,Troy Buchanan,0,Francis Howell,1
2024-09-10,Francis Howell North,0,Francis Howell Central,1
2024-09-10,Priory,1,Ft. Zumwalt West,3
2024-09-10,Metro,4,Gateway,0
2024-09-10,St. Pius X (Kansas City),4,Harrisonville,2
2024-09-10,McDonald County,2,Hillcrest,0
2024-09-10,North County,0,Hillsboro,3
2024-09-10,Hickman,5,Jefferson City,0
2024-09-10,Hazelwood Central,8,Jennings,0
2024-09-10,Lutheran South,2,John Burroughs,4
2024-09-10,Vianney,3,Kirkwood,1
2024-09-10,Chillicothe,3,Lafayette (St. Joseph),1
2024-09-10,Park Hill South,2,Lee's Summit,0
2024-09-10,Pembroke Hill,1,Lee's Summit West,3
2024-09-10,Staley,2,Liberty,1
2024-09-10,SLUH,1,Lindbergh,0
2024-09-10,Bishop DuBourg,4,Lutheran St. Charles,1
2024-09-10,Mexico,1,Marshall,7
2024-09-10,Lebanon,4,Marshfield,0
2024-09-10,Kearney,0,Maryville,0
2024-09-10,University City,1,McCluer,9
2024-09-10,Clayton,3,Mehlville,2
2024-09-10,Springfield Catholic,1,Nixa,0
2024-09-10,Whitfield,0,North Point,4
2024-09-10,Pleasant Hill,1,Oak Grove,1
2024-09-10,Ladue Horton Watkins,2,Oakville,0
2024-09-10,Excelsior Springs,8,Odessa,0
2024-09-10,St. Charles West,1,Orchard Farm,6
2024-09-10,St. Paul Lutheran (Concordia),8,Paseo Academy,0
2024-09-10,Seckman,0,Pattonville,1
2024-09-10,Windsor (Imperial),1,Perryville,5
2024-09-10,Willard,2,Rock Bridge,0
2024-09-10,Bolivar,0,Rolla,1
2024-09-10,Central (St. Joseph),6,Savannah,0
2024-09-10,Barstow,3,Smithville,0
2024-09-10,Winfield,0,St. Charles,3
2024-09-10,Ft. Zumwalt North,0,St. Dominic,6
2024-09-10,Webster Groves,0,St. Pius X (Festus),1
2024-09-10,Monett,6,Thomas Jefferson Independent Day,0
2024-09-10,Veritas Christian Academy,2,Union,1
2024-09-10,Savannah,2,Warrensburg,3
2024-09-10,Holt,4,Warrenton,1
2024-09-10,Ft. Zumwalt East,1,Washington,0
2024-09-10,Logan-Rogersville,1,Webb City,0
2024-09-10,Aurora,1,West Plains,9
2024-09-11,Guadalupe Centers Charter,1,Center,4
2024-09-11,New Covenant Academy,1,Central (Springfield),6
2024-09-11,Parkway Central,0,Chaminade College Prep,3
2024-09-11,Cristo Rey,1,East (Kansas City),4
2024-09-11,Platte County,4,Fort Osage,2
2024-09-11,Wright City,1,Gateway,3
2024-09-11,Belton,2,Grain Valley,4
2024-09-11,KIPP St. Louis Sr.,0,Hazelwood Central,8
2024-09-11,La Monte,8,Iberia,0
2024-09-11,Smithton,2,Knob Noster,1
2024-09-11,Lafayette (St. Joseph),1,Lutheran (Kansas City),3
2024-09-11,Willard,6,Marshfield,0
2024-09-11,Perryville,7,North County,0
2024-09-11,Bishop LeBlond,0,Northeast (Kansas City),7
2024-09-11,Affton,0,Parkway South,1
2024-09-11,Hillsboro,0,Parkway West,5
2024-09-11,Raytown South,0,Raytown,7
2024-09-11,Helias Catholic,0,Rock Bridge,2
2024-09-11,Marquette,0,Rockwood Summit,2
2024-09-11,Oak Park,9,Ruskin,3
2024-09-11,MICDS,3,Webster Groves,2
2024-09-11,Warrensburg,0,St. Michael the Archangel,6
2024-09-11,William Chrisman,0,St. Charles,2
2024-09-11,Lutheran St. Charles,1,Westminster Christian Academy,4
2024-09-12,Whitfield,2,Bayless,3
2024-09-12,Northeast (Kansas City),4,Benton,0
2024-09-12,Liberty,2,Blue Springs,3
2024-09-12,Savannah,0,Blue Springs South,2
2024-09-12,Osage,1,Bolivar,0
2024-09-12,Capital City,1,Camdenton,2
2024-09-12,McDonald County,0,Carl Junction,3
2024-09-12,Liberty North,2,Carthage,1
2024-09-12,Marshfield,1,Cassville,4
2024-09-12,Lutheran (Kansas City),0,Center,8
2024-09-12,Fair Grove,0,Central (Springfield),8
2024-09-12,Oakville,0,Clayton,3
2024-09-12,St. Paul Lutheran (Concordia),2,Clinton,1
2024-09-12,Fatima,8,Cole Camp,0
2024-09-12,Lebanon,3,Crocker,1
2024-09-12,John Burroughs,0,De Smet Jesuit,1
2024-09-12,Lindbergh,3,Eureka,2
2024-09-12,Fredericktown,0,Farmington,6
2024-09-12,Helias Catholic,3,Father Tolton,2
2024-09-12,Valley Park,8,Festus,0
2024-09-12,Francis Howell,2,Francis Howell North,0
2024-09-12,Priory,1,Ft. Zumwalt North,0
2024-09-12,Calvary Lutheran,1,Fulton,8
2024-09-12,Liberty North,3,Glendale,1
2024-09-12,Grandview,1,Harrisonville,5
2024-09-12,Willard,2,Hillcrest,1
2024-09-12,St. Charles West,0,Holt,6
2024-09-12,Springfield Catholic,2,Joplin,0
2024-09-12,Barstow,4,Kearney,1
2024-09-12,Iberia,2,Knob Noster,6
2024-09-12,Smithton,2,La Monte,3
2024-09-12,Rockwood Summit,0,Ladue Horton Watkins,3
2024-09-12,MICDS,0,Lafayette (Wildwood),2
2024-09-12,Francis Howell Central,0,Liberty (Wentzville),1
2024-09-12,Pleasant Hill,2,Lone Jack,5
2024-09-12,Excelsior Springs,2,Maryville,1
2024-09-12,Lutheran North,0,McCluer,8
2024-09-12,Parkway Central,3,Mehlville,1
2024-09-12,Boonville,0,Mexico,6
2024-09-12,Kirksville,3,Moberly,2
2024-09-12,Parkview,0,Monett,4
2024-09-12,Webb City,2,North County,0
2024-09-12,Republic,1,Northwest (Cedar Hill),2
2024-09-12,Cameron,0,Oak Grove,8
2024-09-12,Smithville,2,Odessa,1
2024-09-12,St. Charles,1,Orchard Farm,2
2024-09-12,West Plains,0,Ozark,5
2024-09-12,Park Hill,1,Park Hill South,2
2024-09-12,Union,1,Parkway West,6
2024-09-12,Green Ridge,4,Paseo Academy,1
2024-09-12,Fox,0,Pattonville,1
2024-09-12,Waynesville,1,Poplar Bluff,0
2024-09-12,Pembroke Hill,1,Raymore-Peculiar,0
2024-09-12,North Kansas City,3,Raytown,1
2024-09-12,Parkway South,5,Ritenour,0
2024-09-12,St. Charles,8,Ruskin,0
2024-09-12,Faith Christian Academy,8,Savannah,0
2024-09-12,Parkway North,1,Seckman,2
2024-09-12,Webster Groves,0,SLUH,1
2024-09-12,Ft. Zumwalt West,1,St. Dominic,4
2024-09-12,Hillsboro,0,St. Francis Borgia,8
2024-09-12,Lee's Summit,1,Staley,2
2024-09-12,Hazelwood East,2,STEAM Academy,1
2024-09-12,Ft. Zumwalt East,0,Timberland,1
2024-09-12,Jennings,0,University City,9
2024-09-12,Lutheran South,3,Veritas Christian Academy,0
2024-09-12,North Point,2,Washington,1
2024-09-12,Kickapoo,2,Webb City,1
2024-09-12,Van Horn,7,William Chrisman,0
2024-09-13,Washington,1,Branson,2
2024-09-13,Crossroads College Preparatory,1,Brentwood,9
2024-09-13,Monett,2,Camdenton,3
2024-09-13,West Plains,0,Camdenton,1
2024-09-13,Springfield Catholic,0,Carthage,2
2024-09-13,Missouri Military Academy,3,Fulton,0
2024-09-13,Warrenton,5,Gateway,1
2024-09-13,Branson,1,Glendale,5
2024-09-13,Summit Christian Academy,3,Greenwood,0
2024-09-13,Lutheran St. Charles,0,Hannibal,2
2024-09-13,Smithton,6,Iberia,0
2024-09-13,Waynesville,1,Joplin,4
2024-09-13,Northwest (Cedar Hill),0,Kickapoo,1
2024-09-13,La Monte,4,Knob Noster,1
2024-09-13,Lutheran South,8,Lutheran North,0
2024-09-13,Liberty North,3,Ozark,0
2024-09-13,Republic,0,Pattonville,2
2024-09-13,Troy Buchanan,0,Perryville,2
2024-09-13,North Point,0,Rolla,1
2024-09-13,Maplewood-Richmond Hts.,0,Valley Park,6
2024-09-14,Pattonville,4,Aurora,1
2024-09-14,Calvary Lutheran,3,Belle,1
2024-09-14,Iberia,4,Belle,3
2024-09-14,Glendale,8,Camdenton,0
2024-09-14,Pattonville,0,Carthage,2
2024-09-14,Fair Grove,0,Cassville,1
2024-09-14,Willard,2,Central (Springfield),0
2024-09-14,Ft. Zumwalt East,0,Christian Brothers College,5
2024-09-14,Paseo Academy,0,Clinton,8
2024-09-14,Barstow,1,Excelsior Springs,0
2024-09-14,DeSoto,1,Farmington,5
2024-09-14,Francis Howell,1,Francis Howell Central,2
2024-09-14,Ft. Zumwalt West,4,Ft. Zumwalt North,0
2024-09-14,Rockwood Summit,0,Ft. Zumwalt South,1
2024-09-14,St. Paul Lutheran (Concordia),4,Green Ridge,0
2024-09-14,Perryville,4,Hannibal,3
2024-09-14,Rolla,1,Hannibal,2
2024-09-14,Perryville,0,Hickman,5
2024-09-14,Rolla,2,Hickman,4
2024-09-14,La Monte,6,Iberia,2
2024-09-14,Sacred Heart,2,Jefferson City,3
2024-09-14,Washington,2,Joplin,4
2024-09-14,Washington,0,Kickapoo,5
2024-09-14,SLUH,1,Kirkwood,1
2024-09-14,Calvary Lutheran,1,La Monte,8
2024-09-14,Marquette,0,Ladue Horton Watkins,4
2024-09-14,Timberland,0,Lafayette (Wildwood),2
2024-09-14,Vianney,0,Liberty (Wentzville),2
2024-09-14,Westminster Christian Academy,1,Lindbergh,1
2024-09-14,Kirksville,0,Marshall,3
2024-09-14,New Covenant Academy,2,Marshfield,0
2024-09-14,Smithville,1,Maryville,0
2024-09-14,Chillicothe,0,Mexico,5
2024-09-14,Branson,2,Monett,3
2024-09-14,Ozark,3,Northwest (Cedar Hill),0
2024-09-14,De Smet Jesuit,1,Oakville,1
2024-09-14,Kearney,3,Odessa,0
2024-09-14,Parkway North,0,Parkway Central,3
2024-09-14,St. Dominic,3,Priory,0
2024-09-14,Helias Catholic,3,St. Francis Borgia,2
2024-09-14,North Point,4,Troy Buchanan,0
2024-09-14,Lutheran St. Charles,0,Troy Buchanan,1
2024-09-14,Wright City,1,Warrenton,10
2024-09-14,Springfield Catholic,4,Waynesville,1
2024-09-14,Republic,5,West Plains,0
2024-09-16,Hancock,0,Bayless,8
2024-09-16,Oak Grove,0,Belton,8
2024-09-16,Lee's Summit,0,Blue Springs South,1
2024-09-16,Cole Camp,0,Calvary Lutheran,6
2024-09-16,Greenwood,1,Central (Springfield),3
2024-09-16,Belle,1,Dixon,8
2024-09-16,Kearney,0,Excelsior Springs,3
2024-09-16,Hillcrest,8,Fair Grove,0
2024-09-16,Smithton,2,Fatima,3
2024-09-16,Grain Valley,2,Fort Osage,1
2024-09-16,St. Paul Lutheran (Farmington),1,Fredericktown,9
2024-09-16,Parkway North,3,Hazelwood Central,1
2024-09-16,Capital City,3,Helias Catholic,1
2024-09-16,Monett,0,Joplin,3
2024-09-16,Willard,2,Knob Noster,1
2024-09-16,Central (St. Joseph),8,Lafayette (St. Joseph),0
2024-09-16,Staley,2,Lee's Summit West,1
2024-09-16,Lee's Summit North,3,Liberty,2
2024-09-16,New Covenant Academy,0,Logan-Rogersville,3
2024-09-16,Boonville,0,Marshall,9
2024-09-16,Farmington,4,North County,0
2024-09-16,Guadalupe Centers Charter,1,Odessa,0
2024-09-16,Parkway West,2,Parkway South,1
2024-09-16,William Chrisman,4,Raytown South,1
2024-09-16,Fox,1,Ritenour,0
2024-09-16,Pacific,0,Rolla,2
2024-09-16,Winnetonka,4,Ruskin,1
2024-09-16,Camdenton,1,Savannah,2
2024-09-16,North Kansas City,2,Smithville,3
2024-09-16,Clayton,1,St. Dominic,5
2024-09-16,St. Francis Borgia,3,St. Pius X (Festus),0
2024-09-16,Webster Groves,8,STEAM Academy,0
2024-09-16,Platte County,0,St. Charles,2
2024-09-16,Metro,4,Windsor (Imperial),0
2024-09-17,Ritenour,4,Affton,6
2024-09-17,McDonald County,8,Aurora,3
2024-09-17,St. Pius X (Kansas City),1,Barstow,3
2024-09-17,John Burroughs,4,Bayless,1
2024-09-17,Marshfield,0,Bolivar,8
2024-09-17,Carl Junction,4,Branson,2
2024-09-17,Valley Park,4,Brentwood,2
2024-09-17,Missouri Military Academy,8,Canton,1
2024-09-17,Central (Springfield),0,Carthage,2
2024-09-17,Monett,2,Cassville,1
2024-09-17,De Smet Jesuit,3,Christian Brothers College,2
2024-09-17,Webb City,0,Fatima,2
2024-09-17,Perryville,10,Festus,0
2024-09-17,Parkway North,0,Fox,3
2024-09-17,Rockwood Summit,0,Francis Howell,1
2024-09-17,North Point,0,Ft. Zumwalt East,1
2024-09-17,Washington,0,Ft. Zumwalt North,5
2024-09-17,Francis Howell Central,0,Ft. Zumwalt West,3
2024-09-17,Marshall,8,Fulton,0
2024-09-17,Maplewood-Richmond Hts.,5,Hancock,0
2024-09-17,Moberly,0,Hannibal,5
2024-09-17,DeSoto,4,Hillsboro,1
2024-09-17,Winfield,1,Holt,4
2024-09-17,Crocker,4,Iberia,0
2024-09-17,Mexico,0,Kirksville,8
2024-09-17,MICDS,2,Ladue Horton Watkins,1
2024-09-17,Eureka,1,Lafayette (Wildwood),0
2024-09-17,Blue Springs,1,Lee's Summit,5
2024-09-17,Staley,0,Lee's Summit North,2
2024-09-17,Blue Springs South,3,Lee's Summit West,2
2024-09-17,Raymore-Peculiar,1,Liberty North,0
2024-09-17,Mehlville,1,Lindbergh,3
2024-09-17,West Plains,0,Logan-Rogersville,1
2024-09-17,Green Ridge,0,Lone Jack,6
2024-09-17,St. Paul Lutheran (Concordia),4,Lutheran (Kansas City),2
2024-09-17,Chillicothe,0,Maryville,8
2024-09-17,Hazelwood East,0,McCluer,7
2024-09-17,Webb City,0,Nixa,3
2024-09-17,Lafayette (St. Joseph),0,Northeast (Kansas City),9
2024-09-17,Jackson,3,Northwest (Cedar Hill),1
2024-09-17,Van Horn,7,Oak Grove,0
2024-09-17,North Kansas City,0,Oak Park,4
2024-09-17,Kirkwood,0,Oakville,2
2024-09-17,Capital City,3,Osage,0
2024-09-17,Liberty,3,Park Hill South,1
2024-09-17,Seckman,1,Parkway South,2
2024-09-17,Frontier STEM,4,Paseo Academy,0
2024-09-17,Parkway Central,1,Pattonville,0
2024-09-17,Westminster Christian Academy,2,Priory,1
2024-09-17,Ruskin,0,Raytown,8
2024-09-17,Summit Christian Academy,6,Raytown South,0
2024-09-17,Ozark,3,Republic,2
2024-09-17,Springfield Catholic,4,Rolla,3
2024-09-17,Greenwood,1,Sacred Heart,5
2024-09-17,Benton,3,Savannah,1
2024-09-17,Central (Cape Girardeau),0,Sikeston,3
2024-09-17,Vianney,1,SLUH,1
2024-09-17,St. Charles,5,St. Charles West,0
2024-09-17,Marquette,2,St. Dominic,4
2024-09-17,Ft. Zumwalt South,0,Timberland,1
2024-09-17,Francis Howell North,4,Troy Buchanan,1
2024-09-17,St. Francis Borgia,6,Union,0
2024-09-17,Hazelwood Central,0,University City,8
2024-09-17,Pacific,2,Veritas Christian Academy,5
2024-09-17,Harrisonville,5,Warrensburg,1
2024-09-17,Orchard Farm,6,Warrenton,1
2024-09-17,Chaminade College Prep,1,Webster Groves,2
2024-09-17,Lutheran South,4,Whitfield,2
2024-09-17,Kickapoo,5,Willard,1
2024-09-18,Van Horn,3,Belton,0
2024-09-18,Smithville,2,Central (St. Joseph),3
2024-09-18,Lincoln College Prep,3,Cristo Rey,2
2024-09-18,Seckman,8,Festus,0
2024-09-18,North County,1,Fredericktown,2
2024-09-18,Westminster Christian Academy,8,Lutheran North,0
2024-09-18,Parkway West,1,Parkway North,0
2024-09-18,Northeast (Kansas City),5,Pleasant Hill,1
2024-09-18,Platte County,0,Raytown,4
2024-09-18,Cameron,1,Savannah,6
2024-09-18,Hickman,2,Savannah,1
2024-09-18,Knob Noster,0,Smithton,4
2024-09-18,Bishop DuBourg,1,Valley Park,0
2024-09-18,Summit Christian Academy,6,William Chrisman,0
2024-09-18,Sikeston,3,Windsor (Imperial),2
2024-09-18,Grandview,2,Winnetonka,4
2024-09-19,Gateway,0,Bayless,8
2024-09-19,Crocker,8,Belle,0
2024-09-19,William Chrisman,0,Belton,1
2024-09-19,Bishop LeBlond,1,Benton,0
2024-09-19,Lee's Summit North,0,Blue Springs,2
2024-09-19,Grain Valley,1,Blue Springs South,2
2024-09-19,Osage,0,Camdenton,5
2024-09-19,Winnetonka,1,Center,2
2024-09-19,Platte County,1,Central (St. Joseph),2
2024-09-19,Kirksville,8,Chillicothe,0
2024-09-19,SLUH,0,Christian Brothers College,1
2024-09-19,Ladue Horton Watkins,1,Clayton,2
2024-09-19,Lone Jack,2,Clinton,0
2024-09-19,Vianney,1,De Smet Jesuit,2
2024-09-19,Calvary Lutheran,0,Dixon,8
2024-09-19,St. Dominic,4,Duchesne,0
2024-09-19,Paseo Academy,0,East (Kansas City),10
2024-09-19,Kirkwood,0,Eureka,1
2024-09-19,Frontier STEM,2,Faith Christian Academy,3
2024-09-19,Father Tolton,5,Fatima,2
2024-09-19,Parkway South,1,Fox,2
2024-09-19,Rock Bridge,3,Francis Howell,4
2024-09-19,Ft. Zumwalt West,2,Francis Howell North,1
2024-09-19,Ft. Zumwalt East,2,Ft. Zumwalt South,1
2024-09-19,Carthage,1,Glendale,4
2024-09-19,Ruskin,1,Grandview,9
2024-09-19,Cole Camp,0,Green Ridge,5
2024-09-19,Knob Noster,0,Harrisonville,8
2024-09-19,Jennings,0,Hazelwood East,4
2024-09-19,Branson,1,Kickapoo,3
2024-09-19,Smithton,1,La Monte,3
2024-09-19,Troy Buchanan,0,Liberty (Wentzville),3
2024-09-19,Cassville,3,Marshfield,1
2024-09-19,Moberly,8,Mexico,0
2024-09-19,Priory,1,MICDS,0
2024-09-19,Republic,0,Nixa,2
2024-09-19,Excelsior Springs,1,North Kansas City,2
2024-09-19,Ft. Zumwalt North,0,North Point,2
2024-09-19,Farmington,2,Notre Dame (Cape Girardeau),1
2024-09-19,Raytown South,1,Oak Grove,7
2024-09-19,Lafayette (Wildwood),1,Oakville,2
2024-09-19,Holt,1,Orchard Farm,3
2024-09-19,Willard,1,Ozark,2
2024-09-19,Parkway Central,0,Parkway West,4
2024-09-19,Affton,0,Pattonville,2
2024-09-19,Hillsboro,1,Perryville,5
2024-09-19,St. Pius X (Festus),0,Poplar Bluff,1
2024-09-19,Lee's Summit West,2,Raymore-Peculiar,0
2024-09-19,Jefferson City,0,Rolla,3
2024-09-19,Ritenour,0,Seckman,2
2024-09-19,St. Pius X (Kansas City),1,Smithville,2
2024-09-19,Warrenton,1,St. Charles,2
2024-09-19,North County,4,St. Paul Lutheran (Farmington),1
2024-09-19,Liberty North,2,Staley,1
2024-09-19,Hazelwood Central,2,STEAM Academy,1
2024-09-19,Sacred Heart,3,Willard,0
2024-09-19,Union,3,Webb City,1
2024-09-19,New Covenant Academy,7,Thomas Jefferson Independent Day,1
2024-09-19,Summit Christian Academy,1,Van Horn,3
2024-09-19,Timberland,7,Washington,1
2024-09-19,Webb City,1,Waynesville,2
2024-09-19,Lindbergh,3,Webster Groves,0
2024-09-19,Lutheran South,0,Westminster Christian Academy,3
2024-09-19,Lutheran St. Charles,2,Whitfield,3
2024-09-19,St. Charles West,0,Winfield,3
2024-09-19,Fulton,4,Wright City,3
2024-09-20,St. Michael the Archangel,2,Bishop DuBourg,0
2024-09-20,Joplin,3,Central (Springfield),0
2024-09-20,Northwest (Cedar Hill),1,DeSoto,2
2024-09-20,Lutheran St. Charles,1,Ft. Zumwalt North,0
2024-09-20,Crocker,5,Green Ridge,1
2024-09-20,Brentwood,8,Hancock,0
2024-09-20,Springfield Catholic,2,Helias Catholic,0
2024-09-20,Logan-Rogersville,2,Hillcrest,2
2024-09-20,Bolivar,4,Hillcrest,1
2024-09-20,Pembroke Hill,0,John Burroughs,3
2024-09-20,Bolivar,1,Logan-Rogersville,0
2024-09-20,Bayless,7,Maplewood-Richmond Hts.,0
2024-09-20,Willard,4,McDonald County,1
2024-09-20,Lebanon,0,McDonald County,2
2024-09-20,Chaminade College Prep,1,Nixa,0
2024-09-20,Liberty (Wentzville),3,North Point,1
2024-09-20,McCluer,3,Parkway North,2
2024-09-20,Rock Bridge,3,Rockwood Summit,1
2024-09-20,Capital City,3,Smithton,1
2024-09-20,Marshall,8,Southern Boone,0
2024-09-20,Jennings,0,University City,9
2024-09-20,Crossroads College Preparatory,0,Valley Park,8
2024-09-20,Lebanon,0,Willard,1
2024-09-21,Helias Catholic,2,Bishop DuBourg,2
2024-09-21,Willard,0,Bolivar,2
2024-09-21,Rolla,0,Capital City,2
2024-09-21,Vianney,6,Christian Brothers College,1
2024-09-21,SLUH,0,De Smet Jesuit,2
2024-09-21,Lebanon,0,Hillcrest,5
2024-09-21,Ladue Horton Watkins,1,John Burroughs,0
2024-09-21,Fair Grove,6,La Monte,5
2024-09-21,Logan-Rogersville,6,McDonald County,0
2024-09-21,Pembroke Hill,3,MICDS,0
2024-09-21,Chaminade College Prep,1,Ozark,2
2024-09-21,Barstow,1,Principia,5
2024-09-21,Webster Groves,3,Priory,0
2024-09-21,St. Michael the Archangel,4,Springfield Catholic,1
2024-09-23,Parkway North,2,Affton,4
2024-09-23,SLUH,0,Bishop DuBourg,0
2024-09-23,Central (Springfield),0,Bolivar,1
2024-09-23,Helias Catholic,4,Camdenton,1
2024-09-23,SLUH,2,Capital City,1
2024-09-23,Crocker,1,Cassville,3
2024-09-23,Gateway Science Charter,0,Christian Brothers College,7
2024-09-23,Belton,1,Fort Osage,2
2024-09-23,St. Charles,1,Grain Valley,2
2024-09-23,Northland Christian,0,Guadalupe Centers Charter,8
2024-09-23,Park Hill,1,Harrisonville,0
2024-09-23,Union,6,Hillsboro,1
2024-09-23,Lindbergh,2,Jackson,1
2024-09-23,Liberty,3,Kearney,1
2024-09-23,Raytown South,0,Lincoln College Prep,8
2024-09-23,Westminster Christian Academy,4,MICDS,0
2024-09-23,DeSoto,3,Pacific,4
2024-09-23,William Chrisman,1,Platte County,2
2024-09-23,Ruskin,1,Raytown,9
2024-09-23,Excelsior Springs,4,St. Pius X (Kansas City),1
2024-09-23,Wright City,0,Webb City,3
2024-09-23,Knob Noster,0,Summit Christian Academy,8
2024-09-23,Smithville,0,Van Horn,6
2024-09-23,Holt,0,Washington,0
2024-09-23,Rolla,3,Waynesville,4
2024-09-23,Oak Park,2,Winnetonka,1
2024-09-24,Webster Groves,2,Affton,3
2024-09-24,Brentwood,2,Bayless,8
2024-09-24,Southern Boone,8,Belle,0
2024-09-24,Savannah,0,Bishop LeBlond,3
2024-09-24,Blue Springs South,3,Blue Springs,2
2024-09-24,Father Tolton,0,Capital City,3
2024-09-24,Logan-Rogersville,2,Carl Junction,1
2024-09-24,Kickapoo,2,Carthage,3
2024-09-24,Oak Grove,4,Center,3
2024-09-24,Priory,0,Christian Brothers College,2
2024-09-24,Pleasant Hill,1,Clinton,3
2024-09-24,Smithton,5,Cole Camp,2
2024-09-24,Greenwood,8,Fair Grove,0
2024-09-24,Cristo Rey,1,Faith Christian Academy,4
2024-09-24,Union,2,Fox,1
2024-09-24,Marquette,2,Francis Howell Central,1
2024-09-24,Holt,1,Francis Howell North,3
2024-09-24,Timberland,2,Ft. Zumwalt North,0
2024-09-24,Willard,1,Green Ridge,0
2024-09-24,Mexico,0,Hannibal,8
2024-09-24,Van Horn,3,Harrisonville,0
2024-09-24,Rock Bridge,4,Hickman,3
2024-09-24,Bolivar,5,Hillcrest,0
2024-09-24,Webster Groves,1,John Burroughs,0
2024-09-24,Glendale,3,Joplin,2
2024-09-24,Fulton,2,Kirksville,8
2024-09-24,Rockwood Summit,1,Kirkwood,4
2024-09-24,St. Paul Lutheran (Concordia),6,Knob Noster,0
2024-09-24,Ft. Zumwalt West,2,Ladue Horton Watkins,1
2024-09-24,Parkway Central,0,Lafayette (Wildwood),6
2024-09-24,Raymore-Peculiar,0,Lee's Summit,2
2024-09-24,Liberty North,1,Lee's Summit North,4
2024-09-24,Park Hill South,1,Lee's Summit West,0
2024-09-24,Lutheran (Kansas City),0,Lone Jack,2
2024-09-24,Crossroads College Preparatory,1,Maplewood-Richmond Hts.,4
2024-09-24,Branson,8,Marshfield,0
2024-09-24,Cassville,2,McDonald County,3
2024-09-24,Parkway South,0,Mehlville,1
2024-09-24,Lutheran South,1,Metro,0
2024-09-24,Principia,5,MICDS,0
2024-09-24,Marshall,2,Moberly,1
2024-09-24,Aurora,2,Monett,10
2024-09-24,Bishop DuBourg,8,North County,0
2024-09-24,Paseo Academy,0,Northeast (Kansas City),10
2024-09-24,Lutheran St. Charles,0,Orchard Farm,2
2024-09-24,Jefferson City,0,Osage,1
2024-09-24,Smithville,0,Park Hill,1
2024-09-24,Waynesville,2,Republic,1
2024-09-24,La Monte,0,Sacred Heart,6
2024-09-24,Ozark,1,Springfield Catholic,2
2024-09-24,North Point,2,St. Charles,1
2024-09-24,Savannah,0,St. Michael the Archangel,2
2024-09-24,Veritas Christian Academy,1,Troy Buchanan,0
2024-09-24,Hazelwood East,2,University City,8
2024-09-24,Odessa,1,Warrensburg,7
2024-09-24,Nixa,4,Willard,0
2024-09-25,St. Charles,1,Belton,0
2024-09-25,Jennings,1,Cardinal Ritter,2
2024-09-25,Liberty (Wentzville),3,Chaminade College Prep,1
2024-09-25,Westminster Christian Academy,0,Christian Brothers College,1
2024-09-25,SLUH,1,Clayton,0
2024-09-25,Grandview,2,Cristo Rey,1
2024-09-25,Rockwood Summit,0,De Smet Jesuit,4
2024-09-25,Vianney,1,Eureka,1
2024-09-25,Winfield,6,Festus,0
2024-09-25,Raytown,0,Fort Osage,1
2024-09-25,Hillsboro,1,Fox,4
2024-09-25,Oakville,1,Ft. Zumwalt South,0
2024-09-25,Webster Groves,1,John Burroughs,0
2024-09-25,St. Dominic,2,Kirkwood,1
2024-09-25,Benton,6,Lafayette (St. Joseph),1
2024-09-25,Ft. Zumwalt East,1,Lindbergh,3
2024-09-25,Savannah,0,Maryville,8
2024-09-25,Frontier STEM,0,Northeast (Kansas City),8
2024-09-25,Parkway West,1,Northwest (Cedar Hill),0
2024-09-25,Smithville,0,Park Hill,1
2024-09-25,North Point,1,Pattonville,4
2024-09-25,Ruskin,0,Platte County,8
2024-09-25,Smithton,0,Rock Bridge,1
2024-09-25,Bishop DuBourg,0,Seckman,1
2024-09-25,Veritas Christian Academy,3,St. Charles West,2
2024-09-25,Father Tolton,0,St. Francis Borgia,1
2024-09-25,Grain Valley,5,William Chrisman,0
2024-09-25,KIPP St. Louis Sr.,0,Windsor (Imperial),8
2024-09-25,Excelsior Springs,6,Winnetonka,0
2024-09-26,Metro,1,Affton,1
2024-09-26,Hillcrest,9,Aurora,0
2024-09-26,St. Pius X (Kansas City),7,Bishop LeBlond,1
2024-09-26,Lee's Summit North,1,Blue Springs South,0
2024-09-26,Parkview,0,Bolivar,6
2024-09-26,Fatima,3,Boonville,0
2024-09-26,Windsor (Imperial),2,Brentwood,0
2024-09-26,Maryville,4,Cameron,0
2024-09-26,Winfield,8,Canton,0
2024-09-26,Thomas Jefferson Independent Day,1,Cassville,9
2024-09-26,Frontier STEM,0,East (Kansas City),8
2024-09-26,Holt,0,Francis Howell Central,3
2024-09-26,Ft. Zumwalt East,1,Francis Howell North,0
2024-09-26,Ft. Zumwalt North,0,Ft. Zumwalt South,4
2024-09-26,Hannibal,8,Fulton,0
2024-09-26,Sacred Heart,4,Green Ridge,0
2024-09-26,Smithville,1,Harrisonville,0
2024-09-26,McCluer,1,Hazelwood Central,0
2024-09-26,Camdenton,2,Hickman,5
2024-09-26,Dixon,7,Iberia,0
2024-09-26,Perryville,1,Jackson,5
2024-09-26,Joplin,4,Kickapoo,5
2024-09-26,Center,8,Knob Noster,0
2024-09-26,Cole Camp,3,La Monte,9
2024-09-26,Republic,3,Lebanon,1
2024-09-26,Rockhurst,3,Lee's Summit,1
2024-09-26,Ft. Zumwalt West,0,Liberty (Wentzville),3
2024-09-26,Lee's Summit West,1,Liberty North,0
2024-09-26,Northeast (Kansas City),0,Lincoln College Prep,4
2024-09-26,Paseo Academy,0,Lone Jack,8
2024-09-26,Webster Groves,1,Lutheran South,4
2024-09-26,Gateway,0,Lutheran St. Charles,3
2024-09-26,Lutheran North,2,Maplewood-Richmond Hts.,1
2024-09-26,Central (Cape Girardeau),2,Mehlville,3
2024-09-26,Monett,6,New Covenant Academy,1
2024-09-26,William Chrisman,0,Oak Grove,4
2024-09-26,Central (St. Joseph),4,Oak Park,1
2024-09-26,Marshall,7,Odessa,0
2024-09-26,Carthage,0,Ozark,2
2024-09-26,Van Horn,0,Park Hill,1
2024-09-26,Oakville,2,Parkway Central,0
2024-09-26,Frontier STEM,5,Paseo Academy,0
2024-09-26,St. Charles,2,Pattonville,1
2024-09-26,Platte County,1,Pembroke Hill,8
2024-09-26,Blue Springs,2,Raymore-Peculiar,0
2024-09-26,Ruskin,1,Raytown South,3
2024-09-26,Poplar Bluff,2,Sikeston,1
2024-09-26,Osage,0,Savannah,3
2024-09-26,Troy Buchanan,3,St. Charles West,0
2024-09-26,Kearney,0,St. Michael the Archangel,3
2024-09-26,Smithton,0,Willard,1
2024-09-26,St. Paul Lutheran (Farmington),1,Webb City,9
2024-09-26,Francis Howell,1,Timberland,2
2024-09-26,Summit Christian Academy,3,Warrensburg,2
2024-09-26,Pacific,2,Warrenton,3
2024-09-26,Willard,2,Waynesville,0
2024-09-26,Central (Springfield),0,Webb City,2
2024-09-26,Priory,3,Whitfield,1
2024-09-27,Cristo Rey,1,Barstow,3
2024-09-27,Green Ridge,1,Boonville,0
2024-09-27,Moberly,8,Chillicothe,0
2024-09-27,Crossroads College Preparatory,0,Hancock,4
2024-09-27,Marshfield,4,Iberia,1
2024-09-27,Lutheran St. Charles,3,Jefferson City,0
2024-09-27,Savannah,1,Kirksville,0
2024-09-27,New Covenant Academy,3,Lebanon,1
2024-09-27,Crocker,2,Moberly,1
2024-09-27,Mehlville,2,Northwest (Cedar Hill),1
2024-09-27,Whitfield,0,Orchard Farm,2
2024-09-27,Marquette,3,Ozark,1
2024-09-27,Veritas Christian Academy,1,Pattonville,0
2024-09-27,Bayless,0,Principia,4
2024-09-27,Lutheran (Kansas City),0,Sacred Heart,5
2024-09-27,Glendale,3,Springfield Catholic,1
2024-09-27,Troy Buchanan,2,St. Charles,0
2024-09-27,North Point,3,St. Charles West,1
2024-09-27,Ladue Horton Watkins,1,St. Francis Borgia,0
2024-09-27,Helias Catholic,5,West Plains,2
2024-09-27,Missouri Military Academy,5,Wright City,1
2024-09-28,Lutheran South,1,Affton,0
2024-09-28,Greenwood,8,Aurora,0
2024-09-28,Crocker,8,Boonville,0
2024-09-28,Greenwood,4,Cassville,0
2024-09-28,Hillcrest,0,Central (Springfield),3
2024-09-28,Kirksville,8,Chillicothe,0
2024-09-28,Wright City,2,Chillicothe,1
2024-09-28,Kirkwood,3,Clayton,2
2024-09-28,Green Ridge,0,Crocker,8
2024-09-28,Liberty (Wentzville),3,Eureka,2
2024-09-28,Canton,0,Festus,2
2024-09-28,Seckman,0,Fox,1
2024-09-28,Westminster Christian Academy,1,Ft. Zumwalt East,0
2024-09-28,De Smet Jesuit,2,Ft. Zumwalt South,1
2024-09-28,Warrenton,4,Fulton,1
2024-09-28,Marshall,0,Hannibal,1
2024-09-28,Lutheran St. Charles,0,Helias Catholic,2
2024-09-28,Bishop DuBourg,1,Hillsboro,0
2024-09-28,West Plains,0,Jefferson City,0
2024-09-28,MICDS,0,John Burroughs,3
2024-09-28,Missouri Military Academy,1,Kirksville,2
2024-09-28,Christian Brothers College,0,Lindbergh,0
2024-09-28,Nixa,2,Marquette,1
2024-09-28,Webster Groves,0,Metro,3
2024-09-28,Wright City,0,Moberly,5
2024-09-28,Savannah,2,Moberly,0
2024-09-28,Rockwood Summit,1,Oakville,0
2024-09-28,Rockhurst,2,Park Hill South,1
2024-09-28,Gateway Science Charter,0,Principia,8
2024-09-28,Missouri Military Academy,0,Savannah,1
2024-09-28,SLUH,0,St. Dominic,0
2024-09-28,Father Tolton,4,St. Paul Lutheran (Concordia),0
2024-09-28,Chaminade College Prep,0,Vianney,0
2024-09-30,Ruskin,0,Belton,8
2024-09-30,Savannah,2,Cameron,1
2024-09-30,Crossroads College Preparatory,1,Cardinal Ritter,2
2024-09-30,Festus,0,Central (Cape Girardeau),8
2024-09-30,Lone Jack,8,Cole Camp,0
2024-09-30,St. Dominic,0,De Smet Jesuit,1
2024-09-30,St. Charles,3,Excelsior Springs,4
2024-09-30,Dixon,2,Fair Grove,6
2024-09-30,Hickman,6,Father Tolton,1
2024-09-30,Poplar Bluff,4,Fredericktown,1
2024-09-30,Valley Park,3,Gateway,0
2024-09-30,Lebanon,1,Greenwood,3
2024-09-30,Frontier STEM,1,Guadalupe Centers Charter,6
2024-09-30,Canton,0,Hannibal,8
2024-09-30,Bishop DuBourg,3,Hillsboro,0
2024-09-30,Sikeston,1,Jackson,7
2024-09-30,Platte County,0,Kearney,1
2024-09-30,Ft. Zumwalt East,0,Ladue Horton Watkins,1
2024-09-30,Fatima,0,Mexico,3
2024-09-30,KIPP St. Louis Sr.,0,MICDS,11
2024-09-30,Cristo Rey,1,Northeast (Kansas City),7
2024-09-30,Summit Christian Academy,7,Odessa,1
2024-09-30,Parkway North,1,Parkway South,2
2024-09-30,Lafayette (Wildwood),8,Pattonville,0
2024-09-30,Farmington,1,Priory,2
2024-09-30,Grain Valley,4,Raytown,3
2024-09-30,Smithville,4,Raytown South,0
2024-09-30,Pleasant Hill,1,St. Michael the Archangel,7
2024-09-30,Center,0,St. Pius X (Kansas City),5
2024-09-30,St. Paul Lutheran (Concordia),9,Willard,1
2024-09-30,Crocker,0,Webb City,4
2024-09-30,Brentwood,2,University City,1
2024-09-30,St. Charles West,0,Veritas Christian Academy,7
2024-09-30,Pacific,1,Washington,2
2024-09-30,Warrenton,3,Winfield,2
2024-09-30,North Kansas City,2,Winnetonka,0
2024-10-01,Cassville,8,Aurora,0
2024-10-01,Staley,2,Blue Springs,3
2024-10-01,Raymore-Peculiar,0,Blue Springs South,2
2024-10-01,West Plains,1,Bolivar,3
2024-10-01,Logan-Rogersville,1,Branson,2
2024-10-01,La Monte,4,Calvary Lutheran,1
2024-10-01,Nixa,0,Carthage,2
2024-10-01,Raytown,2,Central (St. Joseph),4
2024-10-01,Perryville,1,Clayton,2
2024-10-01,Cole Camp,0,Dixon,8
2024-10-01,Windsor (Imperial),7,Festus,1
2024-10-01,William Chrisman,0,Fort Osage,8
2024-10-01,Northwest (Cedar Hill),1,Fox,0
2024-10-01,Ladue Horton Watkins,3,Francis Howell Central,2
2024-10-01,Ft. Zumwalt North,1,Francis Howell North,2
2024-10-01,Duchesne,2,Ft. Zumwalt South,2
2024-10-01,Moberly,2,Fulton,0
2024-10-01,Bayless,3,Hancock,0
2024-10-01,Clinton,0,Harrisonville,6
2024-10-01,Hazelwood Central,3,Hazelwood East,2
2024-10-01,Union,0,Helias Catholic,1
2024-10-01,Carl Junction,2,Hillcrest,1
2024-10-01,Poplar Bluff,3,Hillsboro,0
2024-10-01,Ozark,4,Joplin,1
2024-10-01,Christian Brothers College,3,Kirkwood,2
2024-10-01,Liberty North,2,Lee's Summit,3
2024-10-01,Lee's Summit North,0,Lee's Summit West,1
2024-10-01,Park Hill South,2,Liberty,1
2024-10-01,Paseo Academy,0,Lincoln College Prep,7
2024-10-01,Priory,8,Lutheran North,0
2024-10-01,MICDS,2,Lutheran South,1
2024-10-01,Valley Park,4,Maplewood-Richmond Hts.,0
2024-10-01,Capital City,4,Marshall,0
2024-10-01,Greenwood,8,Marshfield,0
2024-10-01,Jennings,0,McCluer,8
2024-10-01,Kirksville,0,Missouri Military Academy,3
2024-10-01,McDonald County,1,Monett,3
2024-10-01,Winfield,3,North County,1
2024-10-01,Green Ridge,0,Northeast (Kansas City),8
2024-10-01,Webster Groves,0,Oakville,3
2024-10-01,Center,2,Odessa,4
2024-10-01,Boonville,0,Osage,8
2024-10-01,Oak Park,2,Park Hill,4
2024-10-01,North Point,2,Parkway Central,3
2024-10-01,Ritenour,0,Parkway North,2
2024-10-01,SLUH,7,Parkway South,1
2024-10-01,St. Charles,2,Platte County,4
2024-10-01,Warrensburg,2,Pleasant Hill,1
2024-10-01,Central (Springfield),3,Republic,1
2024-10-01,Grandview,2,Ruskin,3
2024-10-01,Affton,3,Seckman,2
2024-10-01,Jefferson City,1,Savannah,2
2024-10-01,Sacred Heart,4,Smithton,0
2024-10-01,Mexico,0,Southern Boone,5
2024-10-01,Pacific,1,St. Charles West,0
2024-10-01,Lafayette (Wildwood),4,St. Francis Borgia,3
2024-10-01,Grain Valley,0,St. Michael the Archangel,7
2024-10-01,Notre Dame (Cape Girardeau),2,St. Pius X (Festus),0
2024-10-01,University City,5,STEAM Academy,1
2024-10-01,Lone Jack,3,Summit Christian Academy,2
2024-10-01,Lutheran St. Charles,0,Timberland,4
2024-10-01,Ft. Zumwalt West,3,Troy Buchanan,0
2024-10-01,St. Pius X (Kansas City),0,Van Horn,4
2024-10-01,Rockwood Summit,1,Vianney,4
2024-10-01,Glendale,5,Webb City,1
2024-10-01,Principia,1,Westminster Christian Academy,0
2024-10-01,John Burroughs,7,Whitfield,1
2024-10-01,Lebanon,1,Willard,5
2024-10-02,Bishop DuBourg,1,Bayless,2
2024-10-02,Liberty,2,Central (St. Joseph),1
2024-10-02,Crocker,8,Cole Camp,0
2024-10-02,Hazelwood Central,0,Eureka,4
2024-10-02,Oakville,1,Fox,0
2024-10-02,Hickman,1,Hannibal,2
2024-10-02,Ft. Zumwalt North,2,Holt,1
2024-10-02,Cardinal Ritter,4,Jennings,0
2024-10-02,Knob Noster,3,La Monte,7
2024-10-02,Barstow,8,Lutheran (Kansas City),2
2024-10-02,Central (Cape Girardeau),8,North County,0
2024-10-02,Ritenour,0,Pattonville,1
2024-10-02,Belton,2,Platte County,3
2024-10-02,William Chrisman,1,Raytown,2
2024-10-02,Fort Osage,6,Raytown South,0
2024-10-02,Grain Valley,8,Ruskin,0
2024-10-02,Wright City,0,Southern Boone,8
2024-10-02,Parkway West,6,St. Charles,0
2024-10-02,Cameron,0,St. Pius X (Kansas City),8
2024-10-02,Grandview,0,St. Charles,3
2024-10-02,Maplewood-Richmond Hts.,0,Washington,8
2024-10-02,Fredericktown,1,Windsor (Imperial),6
2024-10-02,Kearney,3,Winnetonka,0
2024-10-03,Fox,2,Affton,1
2024-10-03,Maryville,4,Bishop LeBlond,0
2024-10-03,Willard,1,Boonville,0
2024-10-03,Republic,2,Branson,3
2024-10-03,Winfield,8,Canton,0
2024-10-03,Festus,3,Cardinal Ritter,2
2024-10-03,Hickman,0,Carthage,1
2024-10-03,Duchesne,0,Chaminade College Prep,3
2024-10-03,De Smet Jesuit,3,Christian Brothers College,0
2024-10-03,Joplin,6,Clinton,2
2024-10-03,Lutheran South,0,DeSoto,1
2024-10-03,Fatima,4,Dixon,3
2024-10-03,Osage,1,Father Tolton,3
2024-10-03,St. Dominic,4,Francis Howell Central,0
2024-10-03,Lafayette (Wildwood),2,Ft. Zumwalt West,0
2024-10-03,Kickapoo,2,Jackson,1
2024-10-03,Pleasant Hill,9,Knob Noster,2
2024-10-03,Parkview,0,Lebanon,4
2024-10-03,St. Michael the Archangel,2,Lee's Summit,0
2024-10-03,Raymore-Peculiar,2,Lee's Summit North,3
2024-10-03,Nixa,1,Lee's Summit West,2
2024-10-03,Blue Springs,2,Liberty North,5
2024-10-03,Kirkwood,1,Lindbergh,2
2024-10-03,Capital City,1,Logan-Rogersville,2
2024-10-03,Guadalupe Centers Charter,1,Lone Jack,2
2024-10-03,Webster Groves,0,Marquette,1
2024-10-03,Moberly,1,Marshall,3
2024-10-03,SLUH,2,Mehlville,0
2024-10-03,Missouri Military Academy,6,Mexico,1
2024-10-03,Park Hill,6,North Kansas City,0
2024-10-03,Frontier STEM,0,Northeast (Kansas City),8
2024-10-03,Odessa,5,Oak Grove,6
2024-10-03,St. Pius X (Festus),0,Orchard Farm,2
2024-10-03,Oak Park,0,Park Hill South,8
2024-10-03,Camdenton,0,Rock Bridge,5
2024-10-03,Grandview,3,Ruskin,4
2024-10-03,Grain Valley,8,Ruskin,0
2024-10-03,Pattonville,1,Seckman,0
2024-10-03,Excelsior Springs,7,Smithville,2
2024-10-03,Webb City,0,Springfield Catholic,5
2024-10-03,Webb City,0,St. Francis Borgia,6
2024-10-03,Gateway,1,Webster Groves,3
2024-10-03,Chillicothe,2,St. Paul Lutheran (Concordia),9
2024-10-03,Fredericktown,7,St. Paul Lutheran (Farmington),0
2024-10-03,Savannah,0,St. Pius X (Kansas City),8
2024-10-03,Blue Springs South,5,Staley,1
2024-10-03,Harrisonville,4,Summit Christian Academy,3
2024-10-03,Carthage,1,Thomas Jefferson Independent Day,2
2024-10-03,Liberty (Wentzville),3,Timberland,1
2024-10-03,Holt,1,Troy Buchanan,3
2024-10-03,Pacific,0,Union,2
2024-10-03,McCluer,6,University City,0
2024-10-03,Fort Osage,1,Van Horn,6
2024-10-03,Bolivar,5,Warrensburg,0
2024-10-04,KIPP St. Louis Sr.,0,Bishop DuBourg,8
2024-10-04,Hannibal,2,Camdenton,1
2024-10-04,Northwest (Cedar Hill),2,Carl Junction,4
2024-10-04,Lee's Summit West,4,Carthage,0
2024-10-04,Willard,2,Central (Springfield),1
2024-10-04,Fair Grove,2,Crocker,3
2024-10-04,Ft. Zumwalt West,1,Farmington,0
2024-10-04,Jackson,1,Glendale,5
2024-10-04,New Covenant Academy,1,Greenwood,3
2024-10-04,Raymore-Peculiar,1,Hickman,3
2024-10-04,Rolla,4,Hillsboro,0
2024-10-04,Poplar Bluff,1,Jefferson City,1
2024-10-04,Rockwood Summit,0,John Burroughs,2
2024-10-04,Francis Howell North,3,Kickapoo,0
2024-10-04,Cristo Rey,0,Lincoln College Prep,4
2024-10-04,Savannah,2,Logan-Rogersville,1
2024-10-04,La Monte,3,Lutheran (Kansas City),4
2024-10-04,MICDS,8,Lutheran North,0
2024-10-04,St. Charles,1,Lutheran St. Charles,2
2024-10-04,Hancock,1,Maplewood-Richmond Hts.,0
2024-10-04,Metro,0,Principia,1
2024-10-04,Capital City,3,Republic,0
2024-10-04,St. Charles West,1,Ritenour,9
2024-10-04,Brentwood,1,Valley Park,2
2024-10-04,Hazelwood East,1,Wright City,5
2024-10-05,Capital City,5,Branson,0
2024-10-05,Carl Junction,1,Camdenton,4
2024-10-05,Northwest (Cedar Hill),2,Camdenton,3
2024-10-05,Hannibal,2,Carl Junction,1
2024-10-05,Warrensburg,1,Clinton,3
2024-10-05,Mehlville,1,Duchesne,1
2024-10-05,Missouri Military Academy,2,Father Tolton,4
2024-10-05,Nixa,5,Francis Howell North,2
2024-10-05,SLUH,2,Ft. Zumwalt South,0
2024-10-05,Raymore-Peculiar,0,Glendale,7
2024-10-05,Logan-Rogersville,0,Hickman,3
2024-10-05,Poplar Bluff,4,Hillsboro,2
2024-10-05,Hillsboro,0,Jefferson City,1
2024-10-05,Bolivar,3,Joplin,2
2024-10-05,Lee's Summit West,9,Kickapoo,1
2024-10-05,Hannibal,5,Northwest (Cedar Hill),2
2024-10-05,Rolla,1,Poplar Bluff,0
2024-10-05,De Smet Jesuit,4,Priory,0
2024-10-05,Republic,0,Savannah,3
2024-10-05,KIPP St. Louis Sr.,0,Troy Buchanan,8
2024-10-05,Ladue Horton Watkins,2,Webster Groves,1
2024-10-07,Priory,3,Bayless,0
2024-10-07,Blue Springs South,3,Blue Springs,2
2024-10-07,La Monte,8,Cole Camp,0
2024-10-07,Whitfield,2,Duchesne,8
2024-10-07,Raytown South,0,Excelsior Springs,8
2024-10-07,Helias Catholic,4,Fatima,0
2024-10-07,Fredericktown,5,Festus,2
2024-10-07,Platte County,1,Grain Valley,2
2024-10-07,Winnetonka,5,Grandview,7
2024-10-07,Sacred Heart,6,Green Ridge,0
2024-10-07,Belle,1,Iberia,2
2024-10-07,Savannah,2,Lafayette (St. Joseph),0
2024-10-07,Faith Christian Academy,3,Lutheran (Kansas City),2
2024-10-07,Gateway Science Charter,2,Metro,5
2024-10-07,Marshall,12,Mexico,0
2024-10-07,Ritenour,0,MICDS,1
2024-10-07,Calvary Lutheran,1,Moberly,2
2024-10-07,Crocker,1,New Covenant Academy,4
2024-10-07,Joplin,0,Nixa,3
2024-10-07,Central (St. Joseph),2,North Kansas City,3
2024-10-07,St. Michael the Archangel,5,Oak Grove,1
2024-10-07,Central (Springfield),1,Osage,2
2024-10-07,North County,0,Pacific,4
2024-10-07,Clayton,3,Parkway Central,2
2024-10-07,Seckman,5,Parkway North,1
2024-10-07,Hazelwood Central,1,Pattonville,5
2024-10-07,West Plains,1,Rolla,4
2024-10-07,Fort Osage,10,Ruskin,1
2024-10-07,Knob Noster,1,Savannah,4
2024-10-07,Kearney,1,Smithville,2
2024-10-07,Canton,0,Southern Boone,9
2024-10-07,McCluer,1,Webster Groves,2
2024-10-07,Cardinal Ritter,3,St. Paul Lutheran (Farmington),0
2024-10-07,Camdenton,0,Waynesville,4
2024-10-07,Belton,2,William Chrisman,1
2024-10-08,Mehlville,1,Affton,0
2024-10-08,Maplewood-Richmond Hts.,0,Bayless,5
2024-10-08,Maryville,4,Benton,3
2024-10-08,Lee's Summit West,2,Blue Springs,0
2024-10-08,Liberty North,3,Blue Springs South,2
2024-10-08,Southern Boone,9,Boonville,0
2024-10-08,Hancock,1,Brentwood,4
2024-10-08,Hickman,4,Capital City,3
2024-10-08,Bolivar,3,Carl Junction,2
2024-10-08,Savannah,1,Center,0
2024-10-08,Lebanon,2,Central (Springfield),5
2024-10-08,Bishop LeBlond,1,Central (St. Joseph),3
2024-10-08,De Smet Jesuit,1,Chaminade College Prep,2
2024-10-08,Moberly,8,Chillicothe,0
2024-10-08,Willard,5,Cole Camp,0
2024-10-08,Valley Park,8,Crossroads College Preparatory,0
2024-10-08,Gateway,4,De Smet Jesuit,3
2024-10-08,Festus,0,DeSoto,8
2024-10-08,Lincoln College Prep,1,East (Kansas City),4
2024-10-08,Hillsboro,0,Farmington,6
2024-10-08,Pattonville,2,Fox,1
2024-10-08,Holt,2,Francis Howell Central,4
2024-10-08,Liberty (Wentzville),4,Ft. Zumwalt East,1
2024-10-08,Francis Howell North,0,Ft. Zumwalt North,2
2024-10-08,Francis Howell,2,Ft. Zumwalt South,1
2024-10-08,Smithton,1,Green Ridge,1
2024-10-08,Dixon,3,Greenwood,9
2024-10-08,Cristo Rey,4,Guadalupe Centers Charter,2
2024-10-08,Kirksville,1,Hannibal,5
2024-10-08,STEAM Academy,0,Hazelwood East,1
2024-10-08,Rockwood Summit,4,Helias Catholic,2
2024-10-08,Rock Bridge,5,Jefferson City,0
2024-10-08,Westminster Christian Academy,1,John Burroughs,2
2024-10-08,Ozark,1,Kickapoo,2
2024-10-08,Northwest (Cedar Hill),0,Ladue Horton Watkins,1
2024-10-08,Lee's Summit North,0,Lee's Summit,1
2024-10-08,North Kansas City,2,Liberty,1
2024-10-08,Oakville,0,Lindbergh,1
2024-10-08,Springfield Catholic,2,Logan-Rogersville,0
2024-10-08,Windsor (Imperial),0,Lutheran South,5
2024-10-08,Webster Groves,4,Lutheran St. Charles,1
2024-10-08,Lafayette (Wildwood),3,Marquette,1
2024-10-08,Hillcrest,8,Marshfield,0
2024-10-08,Aurora,2,McDonald County,7
2024-10-08,Osage,4,Mexico,0
2024-10-08,Cassville,2,Monett,5
2024-10-08,Troy Buchanan,0,North Point,1
2024-10-08,Poplar Bluff,0,Notre Dame (Cape Girardeau),4
2024-10-08,Clinton,2,Odessa,7
2024-10-08,Ft. Zumwalt West,1,Orchard Farm,3
2024-10-08,Webb City,2,Pacific,4
2024-10-08,Park Hill South,1,Park Hill,2
2024-10-08,Carthage,8,Parkview,0
2024-10-08,Ritenour,0,Parkway South,5
2024-10-08,Sikeston,1,Perryville,5
2024-10-08,Oak Grove,6,Pleasant Hill,1
2024-10-08,Staley,0,Raymore-Peculiar,2
2024-10-08,Pembroke Hill,0,Rockhurst,5
2024-10-08,Union,1,Rolla,3
2024-10-08,Timberland,1,St. Charles,1
2024-10-08,Washington,1,St. Charles West,1
2024-10-08,St. Francis Borgia,1,St. Dominic,0
2024-10-08,Lone Jack,0,St. Paul Lutheran (Concordia),1
2024-10-08,St. Pius X (Kansas City),1,Summit Christian Academy,2
2024-10-08,Fair Grove,4,Thomas Jefferson Independent Day,1
2024-10-08,St. Charles,0,Van Horn,1
2024-10-08,Christian Brothers College,1,Vianney,3
2024-10-08,Winfield,2,Warrenton,4
2024-10-08,Nixa,2,Waynesville,1
2024-10-08,Republic,0,Webb City,1
2024-10-08,Eureka,1,Webster Groves,2
2024-10-08,Branson,2,West Plains,1
2024-10-08,Principia,3,Whitfield,0
2024-10-08,Glendale,8,Willard,0
2024-10-09,Grandview,0,Belton,1
2024-10-09,Savannah,1,Benton,5
2024-10-09,Lutheran (Kansas City),2,Bishop LeBlond,6
2024-10-09,Republic,1,Bolivar,6
2024-10-09,St. Pius X (Festus),5,Brentwood,0
2024-10-09,Lafayette (St. Joseph),3,Cameron,1
2024-10-09,Lafayette (Wildwood),1,Clayton,5
2024-10-09,Frontier STEM,0,Cristo Rey,6
2024-10-09,Bayless,9,Crossroads College Preparatory,1
2024-10-09,Fort Osage,0,Grain Valley,1
2024-10-09,Hillcrest,1,Greenwood,0
2024-10-09,Raytown,2,Harrisonville,4
2024-10-09,Central (Cape Girardeau),0,Jackson,4
2024-10-09,Excelsior Springs,5,Kearney,0
2024-10-09,Willard,0,La Monte,2
2024-10-09,Rockhurst,3,Lee's Summit North,2
2024-10-09,St. Pius X (Kansas City),4,Oak Park,3
2024-10-09,Mehlville,0,Parkway West,3
2024-10-09,St. Charles,1,Platte County,2
2024-10-09,Winnetonka,3,Raytown South,1
2024-10-09,Sacred Heart,3,Smithton,0
2024-10-09,Ruskin,0,William Chrisman,5
2024-10-09,Veritas Christian Academy,4,Wright City,0
2024-10-10,St. Paul Lutheran (Concordia),0,Barstow,2
2024-10-10,Odessa,4,Benton,3
2024-10-10,Metro,2,Bishop DuBourg,0
2024-10-10,Lee's Summit,3,Blue Springs,2
2024-10-10,Lee's Summit West,2,Blue Springs South,1
2024-10-10,Iberia,0,Calvary Lutheran,5
2024-10-10,Springfield Catholic,9,Camdenton,0
2024-10-10,Chillicothe,3,Cameron,1
2024-10-10,Hannibal,3,Capital City,0
2024-10-10,St. Paul Lutheran (Farmington),0,Cardinal Ritter,5
2024-10-10,Jackson,1,Clayton,2
2024-10-10,Van Horn,0,East (Kansas City),2
2024-10-10,Ft. Zumwalt South,1,Francis Howell,2
2024-10-10,Holt,1,Francis Howell North,0
2024-10-10,Orchard Farm,0,Ft. Zumwalt West,1
2024-10-10,Center,1,Grandview,2
2024-10-10,Cristo Rey,0,Guadalupe Centers Charter,1
2024-10-10,Valley Park,8,Hancock,0
2024-10-10,St. Pius X (Kansas City),3,Harrisonville,6
2024-10-10,University City,2,Hazelwood Central,1
2024-10-10,McCluer,8,Hazelwood East,0
2024-10-10,Priory,0,John Burroughs,3
2024-10-10,Moberly,2,Kirksville,3
2024-10-10,Warrensburg,8,Knob Noster,0
2024-10-10,Ft. Zumwalt East,1,Liberty (Wentzville),2
2024-10-10,Rockwood Summit,1,Lindbergh,2
2024-10-10,Cassville,1,Logan-Rogersville,5
2024-10-10,Hillsboro,0,Lutheran South,7
2024-10-10,Eureka,0,Marquette,3
2024-10-10,Fulton,1,Marshall,9
2024-10-10,Fair Grove,1,Marshfield,0
2024-10-10,Branson,2,McDonald County,1
2024-10-10,Canton,0,Missouri Military Academy,8
2024-10-10,Kickapoo,0,Nixa,1
2024-10-10,Sikeston,4,North County,0
2024-10-10,Park Hill South,3,North Kansas City,0
2024-10-10,Francis Howell Central,1,North Point,1
2024-10-10,Seckman,1,Northwest (Cedar Hill),2
2024-10-10,Fredericktown,0,Notre Dame (Cape Girardeau),8
2024-10-10,Boonville,0,Oak Grove,6
2024-10-10,Raytown,3,Oak Park,1
2024-10-10,Clinton,0,Osage,5
2024-10-10,Lebanon,0,Ozark,8
2024-10-10,Central (St. Joseph),0,Park Hill,6
2024-10-10,Fox,4,Parkway North,1
2024-10-10,Parkway South,1,Pattonville,2
2024-10-10,Smithville,2,Platte County,0
2024-10-10,Lutheran North,0,Principia,6
2024-10-10,Liberty North,2,Raymore-Peculiar,1
2024-10-10,Affton,0,Ritenour,3
2024-10-10,Parkway South,3,Seckman,1
2024-10-10,William Chrisman,0,Savannah,3
2024-10-10,Fatima,0,Southern Boone,8
2024-10-10,Timberland,1,St. Charles,0
2024-10-10,Christian Brothers College,0,St. Dominic,1
2024-10-10,Pacific,0,St. Francis Borgia,5
2024-10-10,Lee's Summit North,0,Staley,3
2024-10-10,Dixon,2,Webb City,8
2024-10-10,Pleasant Hill,0,Summit Christian Academy,2
2024-10-10,Ft. Zumwalt North,2,Troy Buchanan,0
2024-10-10,Ladue Horton Watkins,1,Vianney,4
2024-10-10,Carthage,4,Webb City,1
2024-10-10,Kirkwood,1,Webster Groves,2
2024-10-10,Parkway Central,7,Whitfield,4
2024-10-10,Parkview,0,Willard,6
2024-10-10,Washington,2,Winfield,0
2024-10-11,Bayless,5,Brentwood,0
2024-10-11,Green Ridge,8,Cole Camp,0
2024-10-11,Northland Christian,1,Faith Christian Academy,3
2024-10-11,Oakville,1,Hickman,1
2024-10-11,STEAM Academy,2,Jennings,1
2024-10-11,Sacred Heart,9,La Monte,1
2024-10-11,Kickapoo,3,Mehlville,6
2024-10-11,Northeast (Kansas City),4,Monett,2
2024-10-11,Parkview,1,New Covenant Academy,2
2024-10-11,Rolla,0,Notre Dame (Cape Girardeau),2
2024-10-11,Rock Bridge,3,Ozark,2
2024-10-11,Willard,1,Smithton,0
2024-10-11,Veritas Christian Academy,3,St. Charles,1
2024-10-11,St. Pius X (Festus),8,St. Paul Lutheran (Farmington),0
2024-10-11,Festus,0,University City,4
2024-10-11,St. Charles West,1,Warrenton,8
2024-10-11,DeSoto,3,Windsor (Imperial),2
2024-10-12,Kickapoo,0,Chaminade College Prep,6
2024-10-12,Kirksville,2,Father Tolton,4
2024-10-12,Washington,6,Fatima,1
2024-10-12,Oak Park,0,Harrisonville,2
2024-10-12,Ozark,3,Hickman,1
2024-10-12,Northeast (Kansas City),1,Hickman,3
2024-10-12,Rolla,1,Jackson,2
2024-10-12,Liberty North,4,Liberty,0
2024-10-12,Vianney,1,Lindbergh,2
2024-10-12,Oakville,3,Monett,1
2024-10-12,Rock Bridge,5,Northeast (Kansas City),2
2024-10-12,Rock Bridge,2,Oakville,1
2024-10-12,Duchesne,3,Priory,1
2024-10-12,St. Pius X (Kansas City),3,Raytown,4
2024-10-14,Lutheran South,2,Affton,3
2024-10-14,Fair Grove,2,Aurora,1
2024-10-14,Hillsboro,0,Bayless,8
2024-10-14,Grain Valley,0,Belton,1
2024-10-14,Odessa,9,Boonville,1
2024-10-14,Branson,2,Central (Springfield),1
2024-10-14,Savannah,1,Chillicothe,3
2024-10-14,Eureka,1,Christian Brothers College,2
2024-10-14,Center,3,Clinton,2
2024-10-14,Vianney,3,De Smet Jesuit,2
2024-10-14,Pattonville,4,Duchesne,3
2024-10-14,Sikeston,3,Farmington,4
2024-10-14,St. Charles,0,Fort Osage,3
2024-10-14,MICDS,2,Fox,1
2024-10-14,Mexico,1,Fulton,4
2024-10-14,Excelsior Springs,5,Grandview,0
2024-10-14,Jefferson City,1,Helias Catholic,0
2024-10-14,Carl Junction,4,Joplin,3
2024-10-14,St. Dominic,7,Ladue Horton Watkins,2
2024-10-14,Webster Groves,2,Lafayette (Wildwood),1
2024-10-14,Orchard Farm,1,Liberty (Wentzville),5
2024-10-14,Maplewood-Richmond Hts.,2,McCluer,6
2024-10-14,St. Francis Borgia,3,Mehlville,4
2024-10-14,Greenwood,1,Monett,5
2024-10-14,Marshfield,1,New Covenant Academy,3
2024-10-14,William Chrisman,1,North Kansas City,4
2024-10-14,Sacred Heart,1,Osage,0
2024-10-14,Raymore-Peculiar,0,Park Hill South,2
2024-10-14,Raytown,1,Platte County,0
2024-10-14,Kearney,6,Raytown South,0
2024-10-14,East (Kansas City),0,Rockhurst,1
2024-10-14,Green Ridge,0,Savannah,5
2024-10-14,Festus,2,St. Paul Lutheran (Farmington),0
2024-10-14,Lone Jack,2,Willard,1
2024-10-14,Webb City,1,Union,3
2024-10-14,Parkway West,7,University City,1
2024-10-14,Hazelwood East,0,Winfield,6
2024-10-14,Smithville,2,Winnetonka,0
2024-10-14,Warrenton,5,Wright City,1
2024-10-15,Pattonville,2,Affton,1
2024-10-15,Monett,9,Aurora,1
2024-10-15,Cameron,1,Bishop LeBlond,9
2024-10-15,St. Paul Lutheran (Concordia),4,Boonville,1
2024-10-15,Springfield Catholic,1,Branson,0
2024-10-15,KIPP St. Louis Sr.,1,Cardinal Ritter,2
2024-10-15,McDonald County,1,Cassville,2
2024-10-15,Pleasant Hill,1,Center,0
2024-10-15,Park Hill South,8,Central (St. Joseph),0
2024-10-15,Lafayette (St. Joseph),0,Chillicothe,5
2024-10-15,Warrensburg,4,Clinton,3
2024-10-15,Gateway,8,Crossroads College Preparatory,0
2024-10-15,Crocker,5,Dixon,1
2024-10-15,Northeast (Kansas City),1,East (Kansas City),2
2024-10-15,Fulton,1,Father Tolton,4
2024-10-15,Northwest (Cedar Hill),3,Fox,1
2024-10-15,Timberland,2,Francis Howell,1
2024-10-15,North Point,2,Francis Howell North,4
2024-10-15,Webb City,6,Fredericktown,2
2024-10-15,Francis Howell Central,3,Ft. Zumwalt North,2
2024-10-15,St. Charles,0,Ft. Zumwalt South,3
2024-10-15,Ft. Zumwalt East,2,Ft. Zumwalt West,3
2024-10-15,Ozark,1,Glendale,2
2024-10-15,Lutheran North,0,Hancock,5
2024-10-15,Oak Grove,0,Harrisonville,8
2024-10-15,STEAM Academy,0,Hazelwood Central,2
2024-10-15,Marshall,3,Hickman,4
2024-10-15,Logan-Rogersville,1,Hillcrest,0
2024-10-15,Troy Buchanan,1,Holt,1
2024-10-15,Waynesville,1,Kickapoo,6
2024-10-15,Lutheran (Kansas City),5,Knob Noster,2
2024-10-15,Calvary Lutheran,2,La Monte,4
2024-10-15,Nixa,8,Lebanon,0
2024-10-15,Blue Springs South,2,Lee's Summit,3
2024-10-15,Blue Springs,1,Lee's Summit North,0
2024-10-15,Raymore-Peculiar,0,Lee's Summit West,1
2024-10-15,Staley,0,Liberty North,3
2024-10-15,Guadalupe Centers Charter,0,Lincoln College Prep,8
2024-10-15,Principia,2,Lutheran South,1
2024-10-15,John Burroughs,2,Marquette,1
2024-10-15,West Plains,7,Marshfield,0
2024-10-15,Kirksville,1,Mexico,0
2024-10-15,Southern Boone,1,Missouri Military Academy,4
2024-10-15,Hannibal,3,Moberly,0
2024-10-15,Central (Cape Girardeau),1,Notre Dame (Cape Girardeau),2
2024-10-15,Jackson,0,Oakville,1
2024-10-15,Liberty,1,Park Hill,0
2024-10-15,Central (Springfield),2,Parkview,0
2024-10-15,Kirkwood,2,Parkway South,1
2024-10-15,Rockwood Summit,0,Parkway West,1
2024-10-15,St. Michael the Archangel,1,Pembroke Hill,3
2024-10-15,Joplin,3,Republic,2
2024-10-15,Seckman,4,Ritenour,0
2024-10-15,William Chrisman,2,Ruskin,4
2024-10-15,Lone Jack,7,Smithton,0
2024-10-15,Winfield,3,St. Charles West,1
2024-10-15,Gateway Science Charter,0,Webster Groves,2
2024-10-15,Metro,1,Valley Park,3
2024-10-15,Summit Christian Academy,3,Van Horn,7
2024-10-15,Lutheran St. Charles,0,Veritas Christian Academy,3
2024-10-15,Warrenton,1,Washington,4
2024-10-15,Parkway Central,0,Westminster Christian Academy,5
2024-10-15,St. Pius X (Festus),3,Whitfield,4
2024-10-15,Webb City,3,Willard,1
2024-10-15,Bishop DuBourg,5,Windsor (Imperial),2
2024-10-16,Mehlville,3,Bayless,1
2024-10-16,Fort Osage,1,Belton,0
2024-10-16,Cameron,0,Benton,6
2024-10-16,Hazelwood East,4,Cardinal Ritter,0
2024-10-16,Knob Noster,0,Clinton,8
2024-10-16,Gateway Science Charter,8,Crossroads College Preparatory,0
2024-10-16,Winnetonka,0,Excelsior Springs,9
2024-10-16,Rolla,1,Helias Catholic,2
2024-10-16,St. Francis Borgia,8,Hillsboro,0
2024-10-16,Grandview,0,Kearney,2
2024-10-16,De Smet Jesuit,4,Liberty (Wentzville),3
2024-10-16,MICDS,2,Northwest (Cedar Hill),1
2024-10-16,Liberty,3,Oak Park,1
2024-10-16,Lincoln College Prep,7,Paseo Academy,0
2024-10-16,Savannah,0,Rock Bridge,6
2024-10-16,Lafayette (St. Joseph),1,Savannah,2
2024-10-16,Raytown South,0,Smithville,8
2024-10-16,Christian Brothers College,0,St. Dominic,6
2024-10-16,Grain Valley,2,St. Charles,1
2024-10-16,Wright City,0,Union,8
2024-10-16,Platte County,3,William Chrisman,0
2024-10-17,Blue Springs,1,Blue Springs South,3
2024-10-17,Branson,1,Bolivar,2
2024-10-17,Jefferson City,1,Camdenton,3
2024-10-17,Cassville,1,Carl Junction,7
2024-10-17,Poplar Bluff,2,Central (Cape Girardeau),1
2024-10-17,North Kansas City,2,Central (St. Joseph),1
2024-10-17,Benton,3,Chillicothe,0
2024-10-17,Iberia,0,Dixon,7
2024-10-17,Cole Camp,1,Fair Grove,9
2024-10-17,Marquette,0,Farmington,1
2024-10-17,Ft. Zumwalt North,0,Francis Howell Central,2
2024-10-17,Holt,2,Francis Howell North,3
2024-10-17,St. Charles,0,Ft. Zumwalt East,5
2024-10-17,Ft. Zumwalt West,1,Ft. Zumwalt South,2
2024-10-17,Smithville,1,Grandview,4
2024-10-17,Fort Osage,2,Harrisonville,1
2024-10-17,University City,7,Hazelwood East,0
2024-10-17,Carthage,4,Joplin,2
2024-10-17,Rockhurst,6,Kickapoo,0
2024-10-17,Canton,0,Kirksville,8
2024-10-17,Bishop LeBlond,3,Lafayette (St. Joseph),1
2024-10-17,Ladue Horton Watkins,2,Lafayette (Wildwood),0
2024-10-17,Guadalupe Centers Charter,0,Liberty,8
2024-10-17,Lee's Summit North,0,Liberty North,1
2024-10-17,Pleasant Hill,0,Lone Jack,2
2024-10-17,Pacific,0,Lutheran St. Charles,1
2024-10-17,Warrensburg,2,Marshall,5
2024-10-17,St. Pius X (Kansas City),3,Maryville,1
2024-10-17,STEAM Academy,1,McCluer,6
2024-10-17,Hannibal,8,Mexico,0
2024-10-17,Smithton,0,Moberly,8
2024-10-17,Glendale,2,Nixa,0
2024-10-17,Lincoln College Prep,2,Northeast (Kansas City),1
2024-10-17,Park Hill,8,Oak Park,0
2024-10-17,Cameron,1,Odessa,13
2024-10-17,Francis Howell,3,Orchard Farm,1
2024-10-17,Central (Springfield),1,Ozark,3
2024-10-17,Webb City,8,Parkview,0
2024-10-17,Springfield Catholic,2,Parkway Central,1
2024-10-17,Affton,0,Parkway North,6
2024-10-17,Clayton,2,Parkway West,1
2024-10-17,DeSoto,0,Perryville,4
2024-10-17,Brentwood,1,Principia,7
2024-10-17,Lutheran South,1,Priory,2
2024-10-17,Lee's Summit,2,Raymore-Peculiar,1
2024-10-17,Belton,2,Raytown,3
2024-10-17,Pattonville,1,Ritenour,2
2024-10-17,Fulton,2,Southern Boone,4
2024-10-17,Westminster Christian Academy,0,St. Dominic,1
2024-10-17,Van Horn,1,St. Michael the Archangel,0
2024-10-17,Oak Grove,3,St. Paul Lutheran (Concordia),2
2024-10-17,Fredericktown,0,St. Pius X (Festus),5
2024-10-17,Lee's Summit West,0,Staley,1
2024-10-17,Windsor (Imperial),3,Webb City,0
2024-10-17,Barstow,1,Summit Christian Academy,3
2024-10-17,Liberty (Wentzville),3,Timberland,1
2024-10-17,North Point,3,Troy Buchanan,2
2024-10-17,Webster Groves,1,Valley Park,2
2024-10-17,John Burroughs,2,Vianney,4
2024-10-17,Washington,3,Warrenton,1
2024-10-17,Lebanon,0,Waynesville,5
2024-10-17,St. Charles West,0,Winfield,4
2024-10-18,Seckman,5,Affton,1
2024-10-18,Greenwood,1,Barstow,5
2024-10-18,Northwest (Cedar Hill),2,Bayless,1
2024-10-18,Webster Groves,2,Capital City,1
2024-10-18,Ft. Zumwalt North,0,Duchesne,3
2024-10-18,St. Francis Borgia,4,Fox,0
2024-10-18,New Covenant Academy,6,Lutheran (Kansas City),2
2024-10-18,Springfield Catholic,5,Lutheran St. Charles,0
2024-10-18,MICDS,0,Mehlville,1
2024-10-18,Gateway Science Charter,0,Metro,6
2024-10-18,Rockhurst,6,Ozark,0
2024-10-18,Sacred Heart,1,St. Paul Lutheran (Concordia),2
2024-10-18,Hancock,0,Valley Park,3
2024-10-18,Bishop DuBourg,2,Veritas Christian Academy,1
2024-10-18,Lutheran North,0,Whitfield,10
2024-10-19,New Covenant Academy,2,Barstow,4
2024-10-19,Webster Groves,1,Bishop DuBourg,0
2024-10-19,Willard,0,Clinton,1
2024-10-19,St. Dominic,2,De Smet Jesuit,0
2024-10-19,Webster Groves,1,Helias Catholic,0
2024-10-19,Francis Howell Central,3,Lafayette (Wildwood),2
2024-10-19,Rock Bridge,4,Marquette,0
2024-10-19,Hannibal,2,Marshall,0
2024-10-19,Priory,1,Notre Dame (Cape Girardeau),0
2024-10-19,Kickapoo,0,Republic,3
2024-10-19,Vianney,1,SLUH,0
2024-10-19,Clinton,0,Southern Boone,4
2024-10-19,Willard,2,Southern Boone,5
2024-10-19,Greenwood,0,St. Pius X (Kansas City),8
2024-10-19,Washington,1,Union,0
2024-10-21,Gateway Science Charter,1,Bishop DuBourg,2
2024-10-21,Ritenour,1,Brentwood,0
2024-10-21,Belle,1,Calvary Lutheran,5
2024-10-21,Father Tolton,0,Camdenton,3
2024-10-21,Cristo Rey,2,Center,7
2024-10-21,St. Pius X (Kansas City),8,Chillicothe,0
2024-10-21,Hancock,6,Crossroads College Preparatory,2
2024-10-21,Lebanon,4,Fair Grove,1
2024-10-21,William Chrisman,0,Grain Valley,1
2024-10-21,Sacred Heart,0,Helias Catholic,3
2024-10-21,Fatima,0,Jefferson City,4
2024-10-21,Winnetonka,1,Kearney,2
2024-10-21,St. Dominic,3,Kirkwood,0
2024-10-21,Knob Noster,0,Lone Jack,8
2024-10-21,Valley Park,1,Lutheran South,2
2024-10-21,Joplin,7,McDonald County,0
2024-10-21,Pattonville,0,MICDS,4
2024-10-21,Mexico,0,Moberly,5
2024-10-21,Festus,2,North County,0
2024-10-21,Lafayette (Wildwood),2,Northwest (Cedar Hill),1
2024-10-21,North Kansas City,0,Park Hill,2
2024-10-21,Cassville,2,Parkview,0
2024-10-21,Fox,1,Parkway South,0
2024-10-21,Fredericktown,0,Perryville,8
2024-10-21,Jackson,2,Poplar Bluff,0
2024-10-21,Fort Osage,1,Raytown,0
2024-10-21,Excelsior Springs,6,Raytown South,0
2024-10-21,Marshall,0,Rock Bridge,5
2024-10-21,Blue Springs South,0,Rockhurst,4
2024-10-21,Platte County,9,Ruskin,1
2024-10-21,Maryville,4,Savannah,3
2024-10-21,Notre Dame (Cape Girardeau),2,Sikeston,1
2024-10-21,Grandview,0,Smithville,5
2024-10-21,Monett,2,Springfield Catholic,8
2024-10-21,Duchesne,3,St. Charles,1
2024-10-21,Iberia,0,Willard,4
2024-10-21,Winfield,4,Webb City,0
2024-10-21,Ft. Zumwalt West,3,Timberland,1
2024-10-21,Belton,1,St. Charles,3
2024-10-21,Cameron,0,Warrensburg,8
2024-10-21,Veritas Christian Academy,6,Warrenton,3
2024-10-21,Webster Groves,0,Whitfield,5
2024-10-21,Seckman,2,Windsor (Imperial),0
2024-10-22,Parkway South,5,Affton,1
2024-10-22,Pembroke Hill,8,Barstow,2
2024-10-22,St. Pius X (Festus),2,Bayless,4
2024-10-22,Dixon,7,Belle,0
2024-10-22,Raymore-Peculiar,0,Blue Springs,1
2024-10-22,Savannah,1,Capital City,0
2024-10-22,Marshfield,0,Carl Junction,7
2024-10-22,Republic,1,Carthage,4
2024-10-22,Aurora,1,Cassville,7
2024-10-22,Nixa,5,Central (Springfield),2
2024-10-22,Francis Howell North,0,Christian Brothers College,3
2024-10-22,Orchard Farm,1,Clayton,5
2024-10-22,Willard,5,Cole Camp,1
2024-10-22,Smithton,0,Crocker,3
2024-10-22,SLUH,0,De Smet Jesuit,4
2024-10-22,St. Francis Borgia,2,Eureka,0
2024-10-22,Thomas Jefferson Independent Day,0,Fair Grove,8
2024-10-22,Union,8,Fatima,0
2024-10-22,Ritenour,0,Fox,1
2024-10-22,Holt,0,Ft. Zumwalt East,6
2024-10-22,Ft. Zumwalt South,3,Ft. Zumwalt North,1
2024-10-22,Francis Howell Central,0,Ft. Zumwalt North,0
2024-10-22,Francis Howell Central,4,Ft. Zumwalt West,0
2024-10-22,Waynesville,0,Glendale,4
2024-10-22,Northeast (Kansas City),0,Guadalupe Centers Charter,1
2024-10-22,Fulton,0,Hannibal,5
2024-10-22,Pleasant Hill,1,Harrisonville,2
2024-10-22,Festus,1,Hillsboro,5
2024-10-22,Chillicothe,0,Kirksville,8
2024-10-22,Green Ridge,2,La Monte,5
2024-10-22,Parkway West,1,Ladue Horton Watkins,2
2024-10-22,Kickapoo,9,Lebanon,1
2024-10-22,Staley,0,Lee's Summit,1
2024-10-22,Blue Springs South,3,Lee's Summit North,2
2024-10-22,Liberty North,0,Lee's Summit West,2
2024-10-22,Central (St. Joseph),0,Liberty,2
2024-10-22,Van Horn,3,Lincoln College Prep,4
2024-10-22,Marquette,0,Lindbergh,1
2024-10-22,Bolivar,1,Logan-Rogersville,3
2024-10-22,Faith Christian Academy,0,Lone Jack,2
2024-10-22,John Burroughs,4,Lutheran St. Charles,1
2024-10-22,Hazelwood Central,1,McCluer,9
2024-10-22,Monett,2,McDonald County,0
2024-10-22,Farmington,2,Mehlville,3
2024-10-22,Wright City,2,Mexico,5
2024-10-22,Boonville,0,Missouri Military Academy,8
2024-10-22,Francis Howell,1,North Point,3
2024-10-22,Clinton,1,Oak Grove,6
2024-10-22,Park Hill South,7,Oak Park,0
2024-10-22,Helias Catholic,3,Osage,1
2024-10-22,Lutheran South,3,Pacific,2
2024-10-22,Webster Groves,2,Parkway Central,0
2024-10-22,East (Kansas City),8,Paseo Academy,0
2024-10-22,KIPP St. Louis Sr.,0,Priory,9
2024-10-22,Liberty (Wentzville),3,Rockwood Summit,2
2024-10-22,Bishop LeBlond,7,Savannah,2
2024-10-22,Father Tolton,3,Southern Boone,2
2024-10-22,Parkway North,3,St. Charles,4
2024-10-22,Principia,8,St. Charles West,0
2024-10-22,Maplewood-Richmond Hts.,2,Webster Groves,7
2024-10-22,Lafayette (St. Joseph),0,St. Pius X (Kansas City),9
2024-10-22,Jennings,2,STEAM Academy,0
2024-10-22,St. Michael the Archangel,0,Summit Christian Academy,1
2024-10-22,Oakville,2,Vianney,0
2024-10-22,Center,1,Warrensburg,4
2024-10-22,Troy Buchanan,2,Washington,3
2024-10-22,Ozark,2,Webb City,1
2024-10-22,Hillcrest,0,West Plains,2
2024-10-22,Whitfield,1,Westminster Christian Academy,8
2024-10-22,Joplin,6,Willard,2
2024-10-23,Platte County,1,Belton,0
2024-10-23,Benton,8,Cameron,1
2024-10-23,KIPP St. Louis Sr.,0,Cardinal Ritter,4
2024-10-23,Timberland,3,Duchesne,0
2024-10-23,Ruskin,0,Fort Osage,8
2024-10-23,Central (Cape Girardeau),8,Fredericktown,0
2024-10-23,Kickapoo,1,Glendale,5
2024-10-23,Raytown,2,Grain Valley,1
2024-10-23,Raytown South,0,Grandview,1
2024-10-23,Helias Catholic,0,Hickman,3
2024-10-23,Webb City,1,Jefferson City,2
2024-10-23,Smithville,2,Kearney,1
2024-10-23,Mehlville,2,Lafayette (Wildwood),0
2024-10-23,Eureka,0,MICDS,2
2024-10-23,Bolivar,7,New Covenant Academy,0
2024-10-23,Gateway Science Charter,3,North County,0
2024-10-23,St. Paul Lutheran (Concordia),4,Odessa,3
2024-10-23,Bayless,1,Valley Park,0
2024-10-23,St. Charles,2,William Chrisman,0
2024-10-24,Windsor (Imperial),2,Affton,5
2024-10-24,Carl Junction,8,Aurora,0
2024-10-24,St. Pius X (Kansas City),2,Benton,0
2024-10-24,Kirksville,7,Boonville,0
2024-10-24,Warrensburg,0,Capital City,5
2024-10-24,Lutheran North,2,Cardinal Ritter,1
2024-10-24,Greenwood,1,Cassville,3
2024-10-24,Perryville,2,Central (Cape Girardeau),0
2024-10-24,Oak Park,0,Central (St. Joseph),3
2024-10-24,Summit Christian Academy,5,Clinton,2
2024-10-24,Center,0,Excelsior Springs,3
2024-10-24,Marshall,7,Father Tolton,1
2024-10-24,Osage,5,Fatima,0
2024-10-24,Seckman,3,Fox,0
2024-10-24,Parkway South,1,Francis Howell,2
2024-10-24,Lutheran St. Charles,0,Ft. Zumwalt East,4
2024-10-24,Warrenton,1,Hannibal,9
2024-10-24,Hazelwood East,1,Hazelwood Central,4
2024-10-24,Camdenton,1,Hillcrest,2
2024-10-24,Liberty (Wentzville),5,Holt,1
2024-10-24,Parkview,0,Joplin,5
2024-10-24,Marquette,3,Kirkwood,2
2024-10-24,Cameron,0,Knob Noster,8
2024-10-24,Westminster Christian Academy,2,Lafayette (Wildwood),1
2024-10-24,Dixon,1,Lebanon,5
2024-10-24,Lee's Summit West,2,Lee's Summit North,1
2024-10-24,Lee's Summit,3,Liberty North,1
2024-10-24,East (Kansas City),1,Lincoln College Prep,2
2024-10-24,Monett,1,Logan-Rogersville,2
2024-10-24,St. Pius X (Festus),0,Lutheran South,3
2024-10-24,Brentwood,3,Maplewood-Richmond Hts.,1
2024-10-24,Lafayette (St. Joseph),0,Maryville,7
2024-10-24,Hancock,1,McCluer,9
2024-10-24,Carthage,7,McDonald County,0
2024-10-24,Fulton,0,Moberly,1
2024-10-24,Ozark,1,Nixa,0
2024-10-24,Liberty,2,North Kansas City,1
2024-10-24,Paseo Academy,0,Northeast (Kansas City),8
2024-10-24,Frontier STEM,8,Northland Christian,0
2024-10-24,Clayton,3,Northwest (Cedar Hill),1
2024-10-24,Parkway West,1,Oakville,0
2024-10-24,Harrisonville,5,Odessa,4
2024-10-24,Union,2,Pacific,0
2024-10-24,Francis Howell North,4,Parkway Central,5
2024-10-24,Parkway North,0,Pattonville,3
2024-10-24,Chaminade College Prep,2,Priory,1
2024-10-24,Blue Springs South,3,Raymore-Peculiar,1
2024-10-24,Willard,0,Republic,4
2024-10-24,University City,0,Ritenour,8
2024-10-24,St. Francis Borgia,1,Rolla,2
2024-10-24,Cole Camp,0,Sacred Heart,8
2024-10-24,Hillsboro,0,Sikeston,8
2024-10-24,Christian Brothers College,2,SLUH,1
2024-10-24,Oak Grove,0,Savannah,5
2024-10-24,Green Ridge,1,Smithton,0
2024-10-24,STEAM Academy,0,St. Charles West,8
2024-10-24,Ft. Zumwalt South,1,St. Dominic,4
2024-10-24,Metro,7,Webster Groves,8
2024-10-24,Barstow,0,St. Michael the Archangel,4
2024-10-24,Blue Springs,0,Staley,2
2024-10-24,La Monte,1,Willard,2
2024-10-24,North Point,2,Troy Buchanan,1
2024-10-24,Webb City,2,Valley Park,4
2024-10-24,Pembroke Hill,1,Van Horn,2
2024-10-24,Washington,1,Veritas Christian Academy,0
2024-10-24,Central (Springfield),1,Waynesville,4
2024-10-24,Vianney,2,Webster Groves,1
2024-10-24,Springfield Catholic,7,West Plains,2
2024-10-24,MICDS,2,Whitfield,3
2024-10-24,St. Charles,4,Wright City,0
2024-10-25,Branson,0,Capital City,1
2024-10-25,Maplewood-Richmond Hts.,1,Crossroads College Preparatory,0
2024-10-25,New Covenant Academy,2,Fair Grove,0
2024-10-25,DeSoto,7,Fredericktown,1
2024-10-25,Cardinal Ritter,2,Hancock,3
2024-10-25,STEAM Academy,4,Hazelwood East,3
2024-10-25,Park Hill South,2,Hickman,0
2024-10-25,Farmington,0,Jackson,2
2024-10-25,Parkway Central,1,Ladue Horton Watkins,5
2024-10-25,Lutheran North,0,McCluer,8
2024-10-25,Crocker,2,Mexico,9
2024-10-25,Northwest (Cedar Hill),3,Poplar Bluff,1
2024-10-25,John Burroughs,2,Principia,3
2024-10-25,Parkway South,2,Ritenour,0
2024-10-25,Chaminade College Prep,1,Rockwood Summit,0
2024-10-25,Pleasant Hill,0,Sacred Heart,2
2024-10-25,Iberia,1,Smithton,4
2024-10-25,Duchesne,7,St. Charles West,0
2024-10-25,Bishop DuBourg,1,Westminster Christian Academy,4
2024-10-26,Kirksville,1,Fulton,0
2024-10-26,Branson,5,Jefferson City,2
2024-10-26,Lee's Summit,0,Lee's Summit North,1
2024-10-26,Father Tolton,5,Moberly,2
2024-10-26,Rock Bridge,1,Park Hill South,2
2024-10-26,MICDS,1,SLUH,3
2024-10-26,Capital City,0,Springfield Catholic,2
2024-10-28,Bolivar,7,Aurora,0
2024-10-28,Raytown,3,Belton,1
2024-10-28,St. Francis Borgia,2,Bishop DuBourg,1
2024-10-28,Chillicothe,0,Bishop LeBlond,5
2024-10-28,St. Charles West,2,Brentwood,3
2024-10-28,Mexico,7,Canton,1
2024-10-28,Clinton,1,Cassville,2
2024-10-28,St. Dominic,2,Chaminade College Prep,2
2024-10-28,Willard,0,Crocker,3
2024-10-28,New Covenant Academy,3,Dixon,2
2024-10-28,Smithville,3,Excelsior Springs,2
2024-10-28,Farmington,8,Festus,0
2024-10-28,Christian Brothers College,1,Ft. Zumwalt South,2
2024-10-28,Kearney,2,Grandview,3
2024-10-28,STEAM Academy,0,Hancock,1
2024-10-28,Lutheran North,0,Hazelwood Central,5
2024-10-28,Mehlville,9,Hillsboro,1
2024-10-28,Timberland,3,Holt,1
2024-10-28,Calvary Lutheran,4,Iberia,0
2024-10-28,Lone Jack,9,La Monte,1
2024-10-28,Lindbergh,0,Ladue Horton Watkins,5
2024-10-28,Cameron,3,Lafayette (St. Joseph),2
2024-10-28,Marshfield,1,Lebanon,3
2024-10-28,Ft. Zumwalt West,6,Lutheran St. Charles,1
2024-10-28,Oak Park,2,North Kansas City,3
2024-10-28,Windsor (Imperial),0,Pacific,6
2024-10-28,Greenwood,5,Parkview,1
2024-10-28,Ft. Zumwalt East,3,Parkway Central,1
2024-10-28,Duchesne,1,Parkway South,2
2024-10-28,Parkway West,2,Pattonville,1
2024-10-28,Fort Osage,1,Platte County,0
2024-10-28,North County,0,Poplar Bluff,8
2024-10-28,Liberty (Wentzville),5,Rock Bridge,1
2024-10-28,Southern Boone,1,Sacred Heart,0
2024-10-28,Fredericktown,0,Sikeston,8
2024-10-28,Northwest (Cedar Hill),2,St. Charles,1
2024-10-28,St. Pius X (Kansas City),1,St. Michael the Archangel,3
2024-10-28,Ruskin,1,St. Charles,5
2024-10-28,St. Pius X (Festus),0,Valley Park,4
2024-10-28,Raytown South,0,Winnetonka,3
2024-10-29,Van Horn,11,Barstow,3
2024-10-29,Liberty North,2,Blue Springs,4
2024-10-29,Staley,2,Blue Springs South,3
2024-10-29,Savannah,8,Boonville,1
2024-10-29,Hillcrest,0,Branson,5
2024-10-29,Bolivar,4,Camdenton,0
2024-10-29,Willard,0,Carthage,4
2024-10-29,Harrisonville,3,Center,0
2024-10-29,Park Hill,2,Central (St. Joseph),0
2024-10-29,Vianney,1,Clayton,3
2024-10-29,La Monte,11,Cole Camp,4
2024-10-29,Brentwood,4,Crossroads College Preparatory,1
2024-10-29,Rockwood Summit,3,Eureka,1
2024-10-29,Webb City,5,Festus,0
2024-10-29,Marquette,0,Francis Howell,4
2024-10-29,Lone Jack,4,Frontier STEM,0
2024-10-29,Ruskin,0,Grain Valley,6
2024-10-29,Fair Grove,6,Iberia,0
2024-10-29,Notre Dame (Cape Girardeau),0,Jackson,6
2024-10-29,Central (Springfield),1,Kickapoo,4
2024-10-29,Marshall,5,Kirksville,0
2024-10-29,Green Ridge,0,Knob Noster,2
2024-10-29,Glendale,8,Lebanon,0
2024-10-29,Lee's Summit West,1,Lee's Summit,0
2024-10-29,Oak Park,0,Liberty,2
2024-10-29,Marshfield,0,Logan-Rogersville,8
2024-10-29,North County,0,Lutheran South,8
2024-10-29,Orchard Farm,8,Maplewood-Richmond Hts.,0
2024-10-29,Thomas Jefferson Independent Day,0,McDonald County,8
2024-10-29,Fox,0,Mehlville,4
2024-10-29,Springfield Catholic,8,New Covenant Academy,0
2024-10-29,Duchesne,2,North Point,0
2024-10-29,East (Kansas City),3,Northeast (Kansas City),0
2024-10-29,Bayless,2,Oakville,1
2024-10-29,Fulton,0,Osage,3
2024-10-29,Waynesville,1,Ozark,4
2024-10-29,North Kansas City,0,Park Hill South,3
2024-10-29,Republic,5,Parkview,0
2024-10-29,St. Charles West,0,Parkway North,3
2024-10-29,Summit Christian Academy,0,Pembroke Hill,7
2024-10-29,Odessa,2,Pleasant Hill,1
2024-10-29,Priory,0,Principia,1
2024-10-29,Capital City,1,Rock Bridge,4
2024-10-29,Fatima,2,Sacred Heart,0
2024-10-29,DeSoto,2,Seckman,5
2024-10-29,Gateway,0,SLUH,0
2024-10-29,Southern Boone,7,Smithton,1
2024-10-29,Clinton,2,St. Paul Lutheran (Concordia),4
2024-10-29,Dixon,4,Willard,3
2024-10-29,Warrenton,2,Union,4
2024-10-29,Wright City,1,Valley Park,5
2024-10-29,Winfield,1,Veritas Christian Academy,6
2024-10-29,Oak Grove,1,Warrensburg,5
2024-10-29,Joplin,4,Webb City,2
2024-10-29,University City,0,Webster Groves,8
2024-10-29,Carl Junction,4,West Plains,3
2024-10-30,William Chrisman,1,Belton,0
2024-10-30,Lindbergh,0,De Smet Jesuit,1
2024-10-30,Farmington,0,Eureka,1
2024-10-30,Grandview,2,Excelsior Springs,10
2024-10-30,Ft. Zumwalt West,2,Ft. Zumwalt East,1
2024-10-30,Francis Howell Central,2,Ft. Zumwalt South,0
2024-10-30,North Point,1,Holt,2
2024-10-30,Father Tolton,1,Jefferson City,2
2024-10-30,St. Dominic,4,John Burroughs,1
2024-10-30,Raytown South,0,Kearney,3
2024-10-30,Westminster Christian Academy,1,Ladue Horton Watkins,3
2024-10-30,St. Francis Borgia,5,Lutheran St. Charles,1
2024-10-30,Bayless,1,Mehlville,2
2024-10-30,Windsor (Imperial),4,North County,0
2024-10-30,Affton,1,Northwest (Cedar Hill),6
2024-10-30,Knob Noster,0,Oak Grove,8
2024-10-30,Maplewood-Richmond Hts.,1,Pacific,2
2024-10-30,Kirkwood,3,Parkway West,4
2024-10-30,Grain Valley,2,Platte County,0
2024-10-30,St. Charles,3,Raytown,5
2024-10-30,Winnetonka,1,Smithville,2
2024-10-30,Sikeston,7,St. Pius X (Festus),1
2024-10-30,Raymore-Peculiar,0,Staley,1
2024-10-30,Warrenton,4,Webb City,0
2024-10-30,Timberland,4,Troy Buchanan,0
2024-10-30,St. Charles,1,Washington,0
2024-10-30,Festus,0,Wright City,5
2024-10-31,Moberly,4,Boonville,0
2024-10-31,Waynesville,2,Capital City,3
2024-10-31,Lincoln College Prep,6,Center,0
2024-10-31,Smithton,0,Clinton,8
2024-10-31,Central (Cape Girardeau),3,DeSoto,1
2024-10-31,Canton,1,Fulton,9
2024-10-31,University City,1,Gateway,3
2024-10-31,Central (Springfield),1,Glendale,8
2024-10-31,Blue Springs,1,Lee's Summit West,2
2024-10-31,Park Hill,4,Liberty,1
2024-10-31,Blue Springs South,0,Liberty North,2
2024-10-31,Odessa,4,Lutheran (Kansas City),1
2024-10-31,Dixon,5,Marshfield,2
2024-10-31,Branson,3,Monett,1
2024-10-31,Central (St. Joseph),0,Park Hill South,4
2024-10-31,Pleasant Hill,0,Pembroke Hill,8
2024-10-31,Ruskin,0,Savannah,7
2024-10-31,Green Ridge,0,St. Paul Lutheran (Concordia),5
2024-11-02,Cardinal Ritter,5,KIPP St. Louis Sr.,1
2024-11-02,Priory,6,Webb City,1
2024-11-02,Bishop DuBourg,3,University City,0
2024-11-02,St. Charles,3,St. Charles West,0
2024-11-02,Duchesne,10,Jennings,0
2024-11-02,Veritas Christian Academy,8,Lutheran North,0
2024-11-02,Winfield,5,Mexico,1
2024-11-02,Father Tolton,5,Wright City,0
2024-11-02,Moberly,6,Fulton,1
2024-11-02,Harrisonville,3,Center,0
2024-11-02,Northeast (Kansas City),4,Pleasant Hill,2
2024-11-02,Benton,6,Chillicothe,1
2024-11-02,Maryville,8,Lafayette (St. Joseph),0
2024-11-02,Kirksville,8,Savannah,0
2024-11-02,Farmington,7,North County,0
2024-11-02,Sikeston,2,Central (Cape Girardeau),1
2024-11-02,Notre Dame (Cape Girardeau),3,Hillsboro,1
2024-11-02,Poplar Bluff,4,DeSoto,0
2024-11-02,Vianney,8,Festus,0
2024-11-02,Rockwood Summit,4,Washington,0
2024-11-02,Webster Groves,7,Windsor (Imperial),0
2024-11-02,Parkway West,8,Pacific,1
2024-11-02,Ladue Horton Watkins,8,Hazelwood East,0
2024-11-02,MICDS,0,Parkway Central,2
2024-11-02,Principia,9,Parkway North,1
2024-11-02,Westminster Christian Academy,6,Whitfield,0
2024-11-02,Springfield Catholic,8,Parkview,0
2024-11-02,Willard,4,Central (Springfield),3
2024-11-02,Carl Junction,7,McDonald County,0
2024-11-02,Webb City,5,West Plains,2
2024-11-02,Pembroke Hill,8,Ruskin,0
2024-11-02,Warrensburg,1,Belton,2
2024-11-02,Summit Christian Academy,8,Raytown South,0
2024-11-02,Raytown,7,Grandview,4
2024-11-02,East (Kansas City),8,Winnetonka,0
2024-11-02,Smithville,7,Platte County,8
2024-11-02,Lincoln College Prep,5,Guadalupe Centers Charter,0
2024-11-02,Van Horn,4,Kearney,1
2024-11-02,De Smet Jesuit,6,Rolla,0
2024-11-02,Chaminade College Prep,2,Marquette,0
2024-11-02,Christian Brothers College,2,Eureka,1
2024-11-02,Lafayette (Wildwood),3,Parkway South,0
2024-11-02,SLUH,8,Hazelwood Central,0
2024-11-02,Francis Howell North,4,Ft. Zumwalt North,1
2024-11-02,John Burroughs,3,Ritenour,0
2024-11-02,Francis Howell Central,4,Pattonville,0
2024-11-02,Lee's Summit North,0,Carthage,3
2024-11-02,Lee's Summit West,1,Raymore-Peculiar,0
2024-11-02,Lee's Summit,6,Joplin,2
2024-11-04,STEAM Academy,2,Canton,1
2024-11-04,Brentwood,5,Crossroads College Preparatory,0
2024-11-04,St. Michael the Archangel,5,Harrisonville,0
2024-11-04,Barstow,2,Northeast (Kansas City),4
2024-11-04,Hannibal,5,Warrenton,0
2024-11-04,North Point,3,Lutheran St. Charles,2
2024-11-04,Ft. Zumwalt South,5,Holt,0
2024-11-04,Pembroke Hill,6,Belton,1
2024-11-04,Summit Christian Academy,4,Raytown,0
2024-11-04,East (Kansas City),5,Platte County,1
2024-11-04,Lincoln College Prep,2,Van Horn,3
2024-11-04,Lindbergh,7,Fox,0
2024-11-04,Oakville,3,Seckman,0
2024-11-04,Liberty North,8,Oak Park,0
2024-11-04,Liberty,6,North Kansas City,0
2024-11-04,Park Hill South,9,Central (St. Joseph),1
2024-11-04,Park Hill,2,Staley,1
2024-11-05,Valley Park,8,St. Paul Lutheran (Farmington),0
2024-11-05,Webster Groves,8,Hancock,0
2024-11-05,Calvary Lutheran,2,Iberia,1
2024-11-05,Dixon,8,Belle,0
2024-11-05,Smithton,2,Green Ridge,0
2024-11-05,Willard,4,Cole Camp,1
2024-11-05,Fair Grove,6,Thomas Jefferson Independent Day,1
2024-11-05,Lone Jack,8,Paseo Academy,0
2024-11-05,Cristo Rey,8,Lutheran (Kansas City),0
2024-11-05,Frontier STEM,1,Northland Christian,3
2024-11-05,Bishop LeBlond,3,Cameron,0
2024-11-05,Affton,0,Bayless,2
2024-11-05,Lutheran South,8,Fredericktown,0
2024-11-05,Priory,4,Bishop DuBourg,0
2024-11-05,Orchard Farm,1,St. Charles,0
2024-11-05,Duchesne,4,Veritas Christian Academy,0
2024-11-05,Southern Boone,2,Winfield,1
2024-11-05,Father Tolton,2,Moberly,3
2024-11-05,Monett,5,Cassville,3
2024-11-05,Bolivar,11,Aurora,1
2024-11-05,Osage,4,New Covenant Academy,3
2024-11-05,Odessa,5,Clinton,2
2024-11-05,Oak Grove,8,Boonville,0
2024-11-05,St. Paul Lutheran (Concordia),8,Knob Noster,0
2024-11-05,Excelsior Springs,8,Benton,0
2024-11-05,Maryville,3,Kirksville,1
2024-11-05,Farmington,3,Sikeston,1
2024-11-05,Notre Dame (Cape Girardeau),6,Poplar Bluff,1
2024-11-05,Vianney,2,Rockwood Summit,1
2024-11-05,Webster Groves,0,Parkway West,1
2024-11-05,Ladue Horton Watkins,5,Parkway Central,1
2024-11-05,Principia,0,Westminster Christian Academy,2
2024-11-05,Ft. Zumwalt East,8,McCluer,0
2024-11-05,Capital City,7,Marshfield,0
2024-11-05,Camdenton,1,Union,2
2024-11-05,Helias Catholic,2,Hillcrest,0
2024-11-05,St. Francis Borgia,4,Jefferson City,0
2024-11-05,Springfield Catholic,4,Willard,0
2024-11-05,Carl Junction,6,Webb City,2
2024-11-05,Kirkwood,3,Jackson,2
2024-11-05,Mehlville,5,Northwest (Cedar Hill),0
2024-11-05,St. Dominic,6,Troy Buchanan,0
2024-11-05,Francis Howell,1,Hickman,0
2024-11-05,Timberland,2,Ft. Zumwalt West,1
2024-11-05,Rockhurst,4,Carthage,0
2024-11-05,Lee's Summit West,0,Lee's Summit,1
2024-11-05,Rock Bridge,5,William Chrisman,0
2024-11-05,Grain Valley,1,Savannah,0
2024-11-05,Blue Springs South,1,St. Charles,0
2024-11-05,Blue Springs,7,Fort Osage,2
2024-11-06,Metro,6,Cardinal Ritter,0
2024-11-06,Gateway Science Charter,5,Maplewood-Richmond Hts.,1
2024-11-06,Missouri Military Academy,8,STEAM Academy,0
2024-11-06,Sacred Heart,3,Smithton,1
2024-11-06,La Monte,2,Willard,3
2024-11-06,Marshall,7,Odessa,2
2024-11-06,Oak Grove,0,St. Paul Lutheran (Concordia),3
2024-11-06,St. Michael the Archangel,1,Northeast (Kansas City),0
2024-11-06,Hannibal,3,North Point,0
2024-11-06,Ft. Zumwalt East,1,Ft. Zumwalt South,2
2024-11-06,Pembroke Hill,2,Summit Christian Academy,0
2024-11-06,East (Kansas City),1,Van Horn,3
2024-11-06,SLUH,5,Francis Howell North,2
2024-11-06,John Burroughs,2,Francis Howell Central,0
2024-11-06,Glendale,11,Lebanon,0
2024-11-06,Kickapoo,5,Waynesville,4
2024-11-06,Ozark,4,Republic,1
2024-11-06,Nixa,4,Branson,0
2024-11-07,Valley Park,1,Webster Groves,0
2024-11-07,Metro,2,Gateway Science Charter,0
2024-11-07,Crocker,5,Calvary Lutheran,3
2024-11-07,Fatima,4,Dixon,1
2024-11-07,Sacred Heart,3,Willard,0
2024-11-07,Greenwood,1,Fair Grove,0
2024-11-07,Lone Jack,3,Cristo Rey,1
2024-11-07,St. Pius X (Kansas City),8,Northland Christian,0
2024-11-07,Faith Christian Academy,1,Bishop LeBlond,2
2024-11-07,Perryville,2,Bayless,3
2024-11-07,Lutheran South,3,St. Pius X (Festus),0
2024-11-07,Orchard Farm,2,Duchesne,1
2024-11-07,Southern Boone,0,Moberly,1
2024-11-07,Logan-Rogersville,2,Monett,1
2024-11-07,Bolivar,5,Osage,1
2024-11-07,Marshall,4,St. Paul Lutheran (Concordia),1
2024-11-07,Excelsior Springs,9,Maryville,1
2024-11-07,Farmington,2,Notre Dame (Cape Girardeau),0
2024-11-07,Vianney,3,Parkway West,1
2024-11-07,Ladue Horton Watkins,1,Westminster Christian Academy,0
2024-11-07,Capital City,2,Union,0
2024-11-07,Helias Catholic,1,St. Francis Borgia,2
2024-11-07,Springfield Catholic,2,Carl Junction,1
2024-11-07,Lindbergh,3,Kirkwood,1
2024-11-07,Oakville,1,Mehlville,2
2024-11-07,St. Dominic,3,Francis Howell,2
2024-11-07,Liberty (Wentzville),5,Timberland,2
2024-11-07,Rockhurst,2,Lee's Summit,0
2024-11-07,Rock Bridge,5,Grain Valley,0
2024-11-07,Blue Springs South,0,Blue Springs,1
2024-11-07,Liberty North,5,Liberty,0
2024-11-07,Park Hill South,1,Park Hill,0
2024-11-08,Missouri Military Academy,6,Brentwood,2
2024-11-08,Clayton,1,Priory,0
2024-11-08,Glendale,1,Kickapoo,0
2024-11-08,Ozark,0,Nixa,1
2024-11-09,St. Pius X (Kansas City),8,Bishop LeBlond,1
2024-11-09,Lutheran South,3,Bayless,0
2024-11-09,Hannibal,1,Ft. Zumwalt South,0
2024-11-09,Capital City,1,St. Francis Borgia,3
2024-11-09,Lindbergh,2,Mehlville,0
2024-11-09,De Smet Jesuit,3,Chaminade College Prep,1
2024-11-09,Christian Brothers College,6,Lafayette (Wildwood),0
2024-11-09,SLUH,3,John Burroughs,2
2024-11-11,Crocker,3,Fatima,2
2024-11-11,St. Dominic,2,Liberty (Wentzville),3
2024-11-11,Glendale,2,Nixa,1
2024-11-11,Rock Bridge,2,Blue Springs,1
2024-11-11,Liberty North,4,Park Hill South,2
2024-11-12,Logan-Rogersville,2,Bolivar,1
2024-11-12,De Smet Jesuit,1,Christian Brothers College,0
2024-11-16,Metro,0,Valley Park,1
2024-11-16,Crocker,1,Missouri Military Academy,4
2024-11-16,St. Pius X (Kansas City),4,Lone Jack,1
2024-11-16,Clayton,3,Lutheran South,1
2024-11-16,Marshall,2,Logan-Rogersville,3
2024-11-16,Moberly,1,Orchard Farm,5
2024-11-16,Excelsior Springs,0,St. Michael the Archangel,2
2024-11-16,Vianney,3,Farmington,0
2024-11-16,Springfield Catholic,1,St. Francis Borgia,3
2024-11-16,Hannibal,0,Ladue Horton Watkins,2
2024-11-16,Van Horn,3,Pembroke Hill,1
2024-11-16,De Smet Jesuit,3,Lindbergh,2
2024-11-16,Rockhurst,1,Glendale,0
2024-11-16,Liberty (Wentzville),1,SLUH,2
2024-11-16,Liberty North,3,Rock Bridge,2
2024-11-20,St. Pius X (Kansas City),1,Missouri Military Academy,2
2024-11-20,Logan-Rogersville,0,Clayton,4
2024-11-20,St. Michael the Archangel,2,Orchard Farm,1
2024-11-21,Missouri Military Academy,0,Valley Park,4
2024-11-21,St. Michael the Archangel,0,Clayton,3
2024-11-21,Orchard Farm,2,Logan-Rogersville,1
2024-11-22,St. Francis Borgia,0,Vianney,2
2024-11-22,Van Horn,0,Ladue Horton Watkins,1
2024-11-22,Rockhurst,1,De Smet Jesuit,3
2024-11-22,Liberty North,0,SLUH,1
2024-11-23,Ladue Horton Watkins,3,Vianney,0
2024-11-23,Van Horn,0,St. Francis Borgia,3
2024-11-23,SLUH,1,De Smet Jesuit,0
2024-11-23,Liberty North,1,Rockhurst,6
